[{"name":"abstract fun getAllExhibitsOfInstitution(id: Int): Call<ExhibitModel>","description":"pelikan.bp.pelikanj.ApiClient.getAllExhibitsOfInstitution","location":"app/pelikan.bp.pelikanj/-api-client/get-all-exhibits-of-institution.html","searchKeys":["getAllExhibitsOfInstitution","abstract fun getAllExhibitsOfInstitution(id: Int): Call<ExhibitModel>","pelikan.bp.pelikanj.ApiClient.getAllExhibitsOfInstitution"]},{"name":"abstract fun getBuildings(institutionId: Int): Call<List<Building>>","description":"pelikan.bp.pelikanj.ApiClient.getBuildings","location":"app/pelikan.bp.pelikanj/-api-client/get-buildings.html","searchKeys":["getBuildings","abstract fun getBuildings(institutionId: Int): Call<List<Building>>","pelikan.bp.pelikanj.ApiClient.getBuildings"]},{"name":"abstract fun getImage(imageName: String): Call<ResponseBody>","description":"pelikan.bp.pelikanj.ApiClient.getImage","location":"app/pelikan.bp.pelikanj/-api-client/get-image.html","searchKeys":["getImage","abstract fun getImage(imageName: String): Call<ResponseBody>","pelikan.bp.pelikanj.ApiClient.getImage"]},{"name":"abstract fun getInstitutions(): Call<List<InstitutionsModelItem>>","description":"pelikan.bp.pelikanj.ApiClient.getInstitutions","location":"app/pelikan.bp.pelikanj/-api-client/get-institutions.html","searchKeys":["getInstitutions","abstract fun getInstitutions(): Call<List<InstitutionsModelItem>>","pelikan.bp.pelikanj.ApiClient.getInstitutions"]},{"name":"abstract fun getRooms(buildingId: Int): Call<List<Room>>","description":"pelikan.bp.pelikanj.ApiClient.getRooms","location":"app/pelikan.bp.pelikanj/-api-client/get-rooms.html","searchKeys":["getRooms","abstract fun getRooms(buildingId: Int): Call<List<Room>>","pelikan.bp.pelikanj.ApiClient.getRooms"]},{"name":"abstract fun getShowcases(roomId: Int): Call<List<Showcase>>","description":"pelikan.bp.pelikanj.ApiClient.getShowcases","location":"app/pelikan.bp.pelikanj/-api-client/get-showcases.html","searchKeys":["getShowcases","abstract fun getShowcases(roomId: Int): Call<List<Showcase>>","pelikan.bp.pelikanj.ApiClient.getShowcases"]},{"name":"abstract fun getTranslation(exhibitId: Int, languageCode: String): Call<Translation>","description":"pelikan.bp.pelikanj.ApiClient.getTranslation","location":"app/pelikan.bp.pelikanj/-api-client/get-translation.html","searchKeys":["getTranslation","abstract fun getTranslation(exhibitId: Int, languageCode: String): Call<Translation>","pelikan.bp.pelikanj.ApiClient.getTranslation"]},{"name":"abstract fun loginUser(user: UserLogin): Call<TokenModel>","description":"pelikan.bp.pelikanj.ApiClient.loginUser","location":"app/pelikan.bp.pelikanj/-api-client/login-user.html","searchKeys":["loginUser","abstract fun loginUser(user: UserLogin): Call<TokenModel>","pelikan.bp.pelikanj.ApiClient.loginUser"]},{"name":"abstract fun onItemClicked(myLanguages: MyLanguages)","description":"pelikan.bp.pelikanj.ui.more.languageSetting.OnSelectListener.onItemClicked","location":"app/pelikan.bp.pelikanj.ui.more.languageSetting/-on-select-listener/on-item-clicked.html","searchKeys":["onItemClicked","abstract fun onItemClicked(myLanguages: MyLanguages)","pelikan.bp.pelikanj.ui.more.languageSetting.OnSelectListener.onItemClicked"]},{"name":"abstract fun registerUser(user: User): Call<ResponseBody>","description":"pelikan.bp.pelikanj.ApiClient.registerUser","location":"app/pelikan.bp.pelikanj/-api-client/register-user.html","searchKeys":["registerUser","abstract fun registerUser(user: User): Call<ResponseBody>","pelikan.bp.pelikanj.ApiClient.registerUser"]},{"name":"abstract fun updatePassword(token: String, password: PasswordModel): Call<ResponseBody>","description":"pelikan.bp.pelikanj.ApiClient.updatePassword","location":"app/pelikan.bp.pelikanj/-api-client/update-password.html","searchKeys":["updatePassword","abstract fun updatePassword(token: String, password: PasswordModel): Call<ResponseBody>","pelikan.bp.pelikanj.ApiClient.updatePassword"]},{"name":"abstract fun updateToken(token: String): Call<TokenModel>","description":"pelikan.bp.pelikanj.ApiClient.updateToken","location":"app/pelikan.bp.pelikanj/-api-client/update-token.html","searchKeys":["updateToken","abstract fun updateToken(token: String): Call<TokenModel>","pelikan.bp.pelikanj.ApiClient.updateToken"]},{"name":"abstract fun uploadNewExhibit(id: Int, exhibit: ExhibitItemWithoutExhibitImage): Call<ResponseBody>","description":"pelikan.bp.pelikanj.ApiClient.uploadNewExhibit","location":"app/pelikan.bp.pelikanj/-api-client/upload-new-exhibit.html","searchKeys":["uploadNewExhibit","abstract fun uploadNewExhibit(id: Int, exhibit: ExhibitItemWithoutExhibitImage): Call<ResponseBody>","pelikan.bp.pelikanj.ApiClient.uploadNewExhibit"]},{"name":"abstract fun uploadNewExhibitWithExhibitImage(id: Int, exhibit: ExhibitItemWithExhibitImage): Call<ResponseBody>","description":"pelikan.bp.pelikanj.ApiClient.uploadNewExhibitWithExhibitImage","location":"app/pelikan.bp.pelikanj/-api-client/upload-new-exhibit-with-exhibit-image.html","searchKeys":["uploadNewExhibitWithExhibitImage","abstract fun uploadNewExhibitWithExhibitImage(id: Int, exhibit: ExhibitItemWithExhibitImage): Call<ResponseBody>","pelikan.bp.pelikanj.ApiClient.uploadNewExhibitWithExhibitImage"]},{"name":"class ChangePasswordFragment : Fragment","description":"pelikan.bp.pelikanj.ui.profile.ChangePasswordFragment","location":"app/pelikan.bp.pelikanj.ui.profile/-change-password-fragment/index.html","searchKeys":["ChangePasswordFragment","class ChangePasswordFragment : Fragment","pelikan.bp.pelikanj.ui.profile.ChangePasswordFragment"]},{"name":"class CustomAdapter(context: Context, languagesList: ArrayList<MyLanguages>, listener: OnSelectListener) : RecyclerView.Adapter<CustomViewHolder> ","description":"pelikan.bp.pelikanj.ui.more.languageSetting.CustomAdapter","location":"app/pelikan.bp.pelikanj.ui.more.languageSetting/-custom-adapter/index.html","searchKeys":["CustomAdapter","class CustomAdapter(context: Context, languagesList: ArrayList<MyLanguages>, listener: OnSelectListener) : RecyclerView.Adapter<CustomViewHolder> ","pelikan.bp.pelikanj.ui.more.languageSetting.CustomAdapter"]},{"name":"class CustomViewHolder(itemView: View) : RecyclerView.ViewHolder","description":"pelikan.bp.pelikanj.ui.more.languageSetting.CustomViewHolder","location":"app/pelikan.bp.pelikanj.ui.more.languageSetting/-custom-view-holder/index.html","searchKeys":["CustomViewHolder","class CustomViewHolder(itemView: View) : RecyclerView.ViewHolder","pelikan.bp.pelikanj.ui.more.languageSetting.CustomViewHolder"]},{"name":"class DBClient(context: Context?) : SQLiteOpenHelper","description":"pelikan.bp.pelikanj.DBClient","location":"app/pelikan.bp.pelikanj/-d-b-client/index.html","searchKeys":["DBClient","class DBClient(context: Context?) : SQLiteOpenHelper","pelikan.bp.pelikanj.DBClient"]},{"name":"class ExhibitModel : ArrayList<ExhibitModelItem> ","description":"pelikan.bp.pelikanj.viewModels.ExhibitModel","location":"app/pelikan.bp.pelikanj.viewModels/-exhibit-model/index.html","searchKeys":["ExhibitModel","class ExhibitModel : ArrayList<ExhibitModelItem> ","pelikan.bp.pelikanj.viewModels.ExhibitModel"]},{"name":"class InstitutionsFragment : Fragment","description":"pelikan.bp.pelikanj.ui.institutions.InstitutionsFragment","location":"app/pelikan.bp.pelikanj.ui.institutions/-institutions-fragment/index.html","searchKeys":["InstitutionsFragment","class InstitutionsFragment : Fragment","pelikan.bp.pelikanj.ui.institutions.InstitutionsFragment"]},{"name":"class InstitutionsModel : ArrayList<InstitutionsModelItem> ","description":"pelikan.bp.pelikanj.viewModels.InstitutionsModel","location":"app/pelikan.bp.pelikanj.viewModels/-institutions-model/index.html","searchKeys":["InstitutionsModel","class InstitutionsModel : ArrayList<InstitutionsModelItem> ","pelikan.bp.pelikanj.viewModels.InstitutionsModel"]},{"name":"class LanguageSettingFragment : Fragment, OnSelectListener","description":"pelikan.bp.pelikanj.ui.more.languageSetting.LanguageSettingFragment","location":"app/pelikan.bp.pelikanj.ui.more.languageSetting/-language-setting-fragment/index.html","searchKeys":["LanguageSettingFragment","class LanguageSettingFragment : Fragment, OnSelectListener","pelikan.bp.pelikanj.ui.more.languageSetting.LanguageSettingFragment"]},{"name":"class LoggedUserFragment : Fragment","description":"pelikan.bp.pelikanj.ui.profile.LoggedUserFragment","location":"app/pelikan.bp.pelikanj.ui.profile/-logged-user-fragment/index.html","searchKeys":["LoggedUserFragment","class LoggedUserFragment : Fragment","pelikan.bp.pelikanj.ui.profile.LoggedUserFragment"]},{"name":"class MainActivity : AppCompatActivity","description":"pelikan.bp.pelikanj.MainActivity","location":"app/pelikan.bp.pelikanj/-main-activity/index.html","searchKeys":["MainActivity","class MainActivity : AppCompatActivity","pelikan.bp.pelikanj.MainActivity"]},{"name":"class MoreFragment : Fragment","description":"pelikan.bp.pelikanj.ui.more.MoreFragment","location":"app/pelikan.bp.pelikanj.ui.more/-more-fragment/index.html","searchKeys":["MoreFragment","class MoreFragment : Fragment","pelikan.bp.pelikanj.ui.more.MoreFragment"]},{"name":"class MyLanguages(var language: String, var languageShort: String)","description":"pelikan.bp.pelikanj.viewModels.MyLanguages","location":"app/pelikan.bp.pelikanj.viewModels/-my-languages/index.html","searchKeys":["MyLanguages","class MyLanguages(var language: String, var languageShort: String)","pelikan.bp.pelikanj.viewModels.MyLanguages"]},{"name":"class PickExhibitFragment : Fragment","description":"pelikan.bp.pelikanj.ui.findExhibit.PickExhibitFragment","location":"app/pelikan.bp.pelikanj.ui.findExhibit/-pick-exhibit-fragment/index.html","searchKeys":["PickExhibitFragment","class PickExhibitFragment : Fragment","pelikan.bp.pelikanj.ui.findExhibit.PickExhibitFragment"]},{"name":"class ProfileFragment : Fragment","description":"pelikan.bp.pelikanj.ui.profile.ProfileFragment","location":"app/pelikan.bp.pelikanj.ui.profile/-profile-fragment/index.html","searchKeys":["ProfileFragment","class ProfileFragment : Fragment","pelikan.bp.pelikanj.ui.profile.ProfileFragment"]},{"name":"class RegistrationFragment : Fragment","description":"pelikan.bp.pelikanj.ui.profile.RegistrationFragment","location":"app/pelikan.bp.pelikanj.ui.profile/-registration-fragment/index.html","searchKeys":["RegistrationFragment","class RegistrationFragment : Fragment","pelikan.bp.pelikanj.ui.profile.RegistrationFragment"]},{"name":"class ScannerFragment : Fragment","description":"pelikan.bp.pelikanj.ui.scanner.ScannerFragment","location":"app/pelikan.bp.pelikanj.ui.scanner/-scanner-fragment/index.html","searchKeys":["ScannerFragment","class ScannerFragment : Fragment","pelikan.bp.pelikanj.ui.scanner.ScannerFragment"]},{"name":"class SendExhibitFragment : Fragment","description":"pelikan.bp.pelikanj.ui.more.SendExhibitFragment","location":"app/pelikan.bp.pelikanj.ui.more/-send-exhibit-fragment/index.html","searchKeys":["SendExhibitFragment","class SendExhibitFragment : Fragment","pelikan.bp.pelikanj.ui.more.SendExhibitFragment"]},{"name":"const val BUILDINGSTABLENAME: String","description":"pelikan.bp.pelikanj.DBClient.Companion.BUILDINGSTABLENAME","location":"app/pelikan.bp.pelikanj/-d-b-client/-companion/-b-u-i-l-d-i-n-g-s-t-a-b-l-e-n-a-m-e.html","searchKeys":["BUILDINGSTABLENAME","const val BUILDINGSTABLENAME: String","pelikan.bp.pelikanj.DBClient.Companion.BUILDINGSTABLENAME"]},{"name":"const val DBName: String","description":"pelikan.bp.pelikanj.DBClient.Companion.DBName","location":"app/pelikan.bp.pelikanj/-d-b-client/-companion/-d-b-name.html","searchKeys":["DBName","const val DBName: String","pelikan.bp.pelikanj.DBClient.Companion.DBName"]},{"name":"const val INSTITUTIONSTABLENAME: String","description":"pelikan.bp.pelikanj.DBClient.Companion.INSTITUTIONSTABLENAME","location":"app/pelikan.bp.pelikanj/-d-b-client/-companion/-i-n-s-t-i-t-u-t-i-o-n-s-t-a-b-l-e-n-a-m-e.html","searchKeys":["INSTITUTIONSTABLENAME","const val INSTITUTIONSTABLENAME: String","pelikan.bp.pelikanj.DBClient.Companion.INSTITUTIONSTABLENAME"]},{"name":"const val LANGUAGE: String","description":"pelikan.bp.pelikanj.DBClient.Companion.LANGUAGE","location":"app/pelikan.bp.pelikanj/-d-b-client/-companion/-l-a-n-g-u-a-g-e.html","searchKeys":["LANGUAGE","const val LANGUAGE: String","pelikan.bp.pelikanj.DBClient.Companion.LANGUAGE"]},{"name":"const val PROFILEPICTURE: String","description":"pelikan.bp.pelikanj.DBClient.Companion.PROFILEPICTURE","location":"app/pelikan.bp.pelikanj/-d-b-client/-companion/-p-r-o-f-i-l-e-p-i-c-t-u-r-e.html","searchKeys":["PROFILEPICTURE","const val PROFILEPICTURE: String","pelikan.bp.pelikanj.DBClient.Companion.PROFILEPICTURE"]},{"name":"const val ROOMSTABLENAME: String","description":"pelikan.bp.pelikanj.DBClient.Companion.ROOMSTABLENAME","location":"app/pelikan.bp.pelikanj/-d-b-client/-companion/-r-o-o-m-s-t-a-b-l-e-n-a-m-e.html","searchKeys":["ROOMSTABLENAME","const val ROOMSTABLENAME: String","pelikan.bp.pelikanj.DBClient.Companion.ROOMSTABLENAME"]},{"name":"const val SHOWCASESTABLENAME: String","description":"pelikan.bp.pelikanj.DBClient.Companion.SHOWCASESTABLENAME","location":"app/pelikan.bp.pelikanj/-d-b-client/-companion/-s-h-o-w-c-a-s-e-s-t-a-b-l-e-n-a-m-e.html","searchKeys":["SHOWCASESTABLENAME","const val SHOWCASESTABLENAME: String","pelikan.bp.pelikanj.DBClient.Companion.SHOWCASESTABLENAME"]},{"name":"const val TOKEN: String","description":"pelikan.bp.pelikanj.DBClient.Companion.TOKEN","location":"app/pelikan.bp.pelikanj/-d-b-client/-companion/-t-o-k-e-n.html","searchKeys":["TOKEN","const val TOKEN: String","pelikan.bp.pelikanj.DBClient.Companion.TOKEN"]},{"name":"const val USERDATATABLENAME: String","description":"pelikan.bp.pelikanj.DBClient.Companion.USERDATATABLENAME","location":"app/pelikan.bp.pelikanj/-d-b-client/-companion/-u-s-e-r-d-a-t-a-t-a-b-l-e-n-a-m-e.html","searchKeys":["USERDATATABLENAME","const val USERDATATABLENAME: String","pelikan.bp.pelikanj.DBClient.Companion.USERDATATABLENAME"]},{"name":"data class Building(val buildingId: Int, val name: String, val description: String, val institutionId: Int, val createdAt: String)","description":"pelikan.bp.pelikanj.viewModels.Building","location":"app/pelikan.bp.pelikanj.viewModels/-building/index.html","searchKeys":["Building","data class Building(val buildingId: Int, val name: String, val description: String, val institutionId: Int, val createdAt: String)","pelikan.bp.pelikanj.viewModels.Building"]},{"name":"data class DatabaseModel(var language: String?, var token: String?, var profilePicture: String?)","description":"pelikan.bp.pelikanj.viewModels.DatabaseModel","location":"app/pelikan.bp.pelikanj.viewModels/-database-model/index.html","searchKeys":["DatabaseModel","data class DatabaseModel(var language: String?, var token: String?, var profilePicture: String?)","pelikan.bp.pelikanj.viewModels.DatabaseModel"]},{"name":"data class ExhibitItemWithExhibitImage(val name: String, val encodedImage: String, val infoLabelText: String, val encodedInfoLabel: String, val buildingId: String, val roomId: String, val showcaseId: String?)","description":"pelikan.bp.pelikanj.viewModels.ExhibitItemWithExhibitImage","location":"app/pelikan.bp.pelikanj.viewModels/-exhibit-item-with-exhibit-image/index.html","searchKeys":["ExhibitItemWithExhibitImage","data class ExhibitItemWithExhibitImage(val name: String, val encodedImage: String, val infoLabelText: String, val encodedInfoLabel: String, val buildingId: String, val roomId: String, val showcaseId: String?)","pelikan.bp.pelikanj.viewModels.ExhibitItemWithExhibitImage"]},{"name":"data class ExhibitItemWithoutExhibitImage(val name: String, val infoLabelText: String, val encodedInfoLabel: String, val buildingId: String, val roomId: String, val showcaseId: String?)","description":"pelikan.bp.pelikanj.viewModels.ExhibitItemWithoutExhibitImage","location":"app/pelikan.bp.pelikanj.viewModels/-exhibit-item-without-exhibit-image/index.html","searchKeys":["ExhibitItemWithoutExhibitImage","data class ExhibitItemWithoutExhibitImage(val name: String, val infoLabelText: String, val encodedInfoLabel: String, val buildingId: String, val roomId: String, val showcaseId: String?)","pelikan.bp.pelikanj.viewModels.ExhibitItemWithoutExhibitImage"]},{"name":"data class ExhibitModelItem(val building: Building, val createdAt: String, val exhibitId: Int, val image: String, val infoLabel: String, val infoLabelText: String, val name: String, val room: Room, val showcase: Showcase)","description":"pelikan.bp.pelikanj.viewModels.ExhibitModelItem","location":"app/pelikan.bp.pelikanj.viewModels/-exhibit-model-item/index.html","searchKeys":["ExhibitModelItem","data class ExhibitModelItem(val building: Building, val createdAt: String, val exhibitId: Int, val image: String, val infoLabel: String, val infoLabelText: String, val name: String, val room: Room, val showcase: Showcase)","pelikan.bp.pelikanj.viewModels.ExhibitModelItem"]},{"name":"data class InstitutionsModelItem(val address: String, val createdAt: String, val image: String, val institutionId: Int, val latitude: Double, val longitude: Double, val name: String, val description: String)","description":"pelikan.bp.pelikanj.viewModels.InstitutionsModelItem","location":"app/pelikan.bp.pelikanj.viewModels/-institutions-model-item/index.html","searchKeys":["InstitutionsModelItem","data class InstitutionsModelItem(val address: String, val createdAt: String, val image: String, val institutionId: Int, val latitude: Double, val longitude: Double, val name: String, val description: String)","pelikan.bp.pelikanj.viewModels.InstitutionsModelItem"]},{"name":"data class PasswordModel(val password: String)","description":"pelikan.bp.pelikanj.viewModels.PasswordModel","location":"app/pelikan.bp.pelikanj.viewModels/-password-model/index.html","searchKeys":["PasswordModel","data class PasswordModel(val password: String)","pelikan.bp.pelikanj.viewModels.PasswordModel"]},{"name":"data class Room(val roomId: Int, val name: String, val description: String, val buildingId: Int, val createdAt: String)","description":"pelikan.bp.pelikanj.viewModels.Room","location":"app/pelikan.bp.pelikanj.viewModels/-room/index.html","searchKeys":["Room","data class Room(val roomId: Int, val name: String, val description: String, val buildingId: Int, val createdAt: String)","pelikan.bp.pelikanj.viewModels.Room"]},{"name":"data class Showcase(val showcaseId: Int, val name: String, val description: String, val roomId: Int, val createdAt: String)","description":"pelikan.bp.pelikanj.viewModels.Showcase","location":"app/pelikan.bp.pelikanj.viewModels/-showcase/index.html","searchKeys":["Showcase","data class Showcase(val showcaseId: Int, val name: String, val description: String, val roomId: Int, val createdAt: String)","pelikan.bp.pelikanj.viewModels.Showcase"]},{"name":"data class TokenData(val createdAt: String, val email: String, val exp: Int, val iat: Int, val id: String, val isAdmin: Boolean, val isInstitutionOwner: Boolean, val isTranslator: Boolean, val username: String)","description":"pelikan.bp.pelikanj.viewModels.TokenData","location":"app/pelikan.bp.pelikanj.viewModels/-token-data/index.html","searchKeys":["TokenData","data class TokenData(val createdAt: String, val email: String, val exp: Int, val iat: Int, val id: String, val isAdmin: Boolean, val isInstitutionOwner: Boolean, val isTranslator: Boolean, val username: String)","pelikan.bp.pelikanj.viewModels.TokenData"]},{"name":"data class TokenModel(val token: String)","description":"pelikan.bp.pelikanj.viewModels.TokenModel","location":"app/pelikan.bp.pelikanj.viewModels/-token-model/index.html","searchKeys":["TokenModel","data class TokenModel(val token: String)","pelikan.bp.pelikanj.viewModels.TokenModel"]},{"name":"data class Translation(val translationId: Int, val institutionId: Int, val authorUsername: String, val translatedText: String, val isOfficial: Boolean, val createdAt: String, val likesCount: Int)","description":"pelikan.bp.pelikanj.viewModels.Translation","location":"app/pelikan.bp.pelikanj.viewModels/-translation/index.html","searchKeys":["Translation","data class Translation(val translationId: Int, val institutionId: Int, val authorUsername: String, val translatedText: String, val isOfficial: Boolean, val createdAt: String, val likesCount: Int)","pelikan.bp.pelikanj.viewModels.Translation"]},{"name":"data class User(val username: String, val password: String, val email: String)","description":"pelikan.bp.pelikanj.viewModels.User","location":"app/pelikan.bp.pelikanj.viewModels/-user/index.html","searchKeys":["User","data class User(val username: String, val password: String, val email: String)","pelikan.bp.pelikanj.viewModels.User"]},{"name":"data class UserLogin(val username: String, val password: String)","description":"pelikan.bp.pelikanj.viewModels.UserLogin","location":"app/pelikan.bp.pelikanj.viewModels/-user-login/index.html","searchKeys":["UserLogin","data class UserLogin(val username: String, val password: String)","pelikan.bp.pelikanj.viewModels.UserLogin"]},{"name":"fun Building(buildingId: Int, name: String, description: String, institutionId: Int, createdAt: String)","description":"pelikan.bp.pelikanj.viewModels.Building.Building","location":"app/pelikan.bp.pelikanj.viewModels/-building/-building.html","searchKeys":["Building","fun Building(buildingId: Int, name: String, description: String, institutionId: Int, createdAt: String)","pelikan.bp.pelikanj.viewModels.Building.Building"]},{"name":"fun ChangePasswordFragment()","description":"pelikan.bp.pelikanj.ui.profile.ChangePasswordFragment.ChangePasswordFragment","location":"app/pelikan.bp.pelikanj.ui.profile/-change-password-fragment/-change-password-fragment.html","searchKeys":["ChangePasswordFragment","fun ChangePasswordFragment()","pelikan.bp.pelikanj.ui.profile.ChangePasswordFragment.ChangePasswordFragment"]},{"name":"fun CustomAdapter(context: Context, languagesList: ArrayList<MyLanguages>, listener: OnSelectListener)","description":"pelikan.bp.pelikanj.ui.more.languageSetting.CustomAdapter.CustomAdapter","location":"app/pelikan.bp.pelikanj.ui.more.languageSetting/-custom-adapter/-custom-adapter.html","searchKeys":["CustomAdapter","fun CustomAdapter(context: Context, languagesList: ArrayList<MyLanguages>, listener: OnSelectListener)","pelikan.bp.pelikanj.ui.more.languageSetting.CustomAdapter.CustomAdapter"]},{"name":"fun CustomViewHolder(itemView: View)","description":"pelikan.bp.pelikanj.ui.more.languageSetting.CustomViewHolder.CustomViewHolder","location":"app/pelikan.bp.pelikanj.ui.more.languageSetting/-custom-view-holder/-custom-view-holder.html","searchKeys":["CustomViewHolder","fun CustomViewHolder(itemView: View)","pelikan.bp.pelikanj.ui.more.languageSetting.CustomViewHolder.CustomViewHolder"]},{"name":"fun DBClient(context: Context?)","description":"pelikan.bp.pelikanj.DBClient.DBClient","location":"app/pelikan.bp.pelikanj/-d-b-client/-d-b-client.html","searchKeys":["DBClient","fun DBClient(context: Context?)","pelikan.bp.pelikanj.DBClient.DBClient"]},{"name":"fun DatabaseModel(language: String?, token: String?, profilePicture: String?)","description":"pelikan.bp.pelikanj.viewModels.DatabaseModel.DatabaseModel","location":"app/pelikan.bp.pelikanj.viewModels/-database-model/-database-model.html","searchKeys":["DatabaseModel","fun DatabaseModel(language: String?, token: String?, profilePicture: String?)","pelikan.bp.pelikanj.viewModels.DatabaseModel.DatabaseModel"]},{"name":"fun ExhibitItemWithExhibitImage(name: String, encodedImage: String, infoLabelText: String, encodedInfoLabel: String, buildingId: String, roomId: String, showcaseId: String?)","description":"pelikan.bp.pelikanj.viewModels.ExhibitItemWithExhibitImage.ExhibitItemWithExhibitImage","location":"app/pelikan.bp.pelikanj.viewModels/-exhibit-item-with-exhibit-image/-exhibit-item-with-exhibit-image.html","searchKeys":["ExhibitItemWithExhibitImage","fun ExhibitItemWithExhibitImage(name: String, encodedImage: String, infoLabelText: String, encodedInfoLabel: String, buildingId: String, roomId: String, showcaseId: String?)","pelikan.bp.pelikanj.viewModels.ExhibitItemWithExhibitImage.ExhibitItemWithExhibitImage"]},{"name":"fun ExhibitItemWithoutExhibitImage(name: String, infoLabelText: String, encodedInfoLabel: String, buildingId: String, roomId: String, showcaseId: String?)","description":"pelikan.bp.pelikanj.viewModels.ExhibitItemWithoutExhibitImage.ExhibitItemWithoutExhibitImage","location":"app/pelikan.bp.pelikanj.viewModels/-exhibit-item-without-exhibit-image/-exhibit-item-without-exhibit-image.html","searchKeys":["ExhibitItemWithoutExhibitImage","fun ExhibitItemWithoutExhibitImage(name: String, infoLabelText: String, encodedInfoLabel: String, buildingId: String, roomId: String, showcaseId: String?)","pelikan.bp.pelikanj.viewModels.ExhibitItemWithoutExhibitImage.ExhibitItemWithoutExhibitImage"]},{"name":"fun ExhibitModel()","description":"pelikan.bp.pelikanj.viewModels.ExhibitModel.ExhibitModel","location":"app/pelikan.bp.pelikanj.viewModels/-exhibit-model/-exhibit-model.html","searchKeys":["ExhibitModel","fun ExhibitModel()","pelikan.bp.pelikanj.viewModels.ExhibitModel.ExhibitModel"]},{"name":"fun ExhibitModelItem(building: Building, createdAt: String, exhibitId: Int, image: String, infoLabel: String, infoLabelText: String, name: String, room: Room, showcase: Showcase)","description":"pelikan.bp.pelikanj.viewModels.ExhibitModelItem.ExhibitModelItem","location":"app/pelikan.bp.pelikanj.viewModels/-exhibit-model-item/-exhibit-model-item.html","searchKeys":["ExhibitModelItem","fun ExhibitModelItem(building: Building, createdAt: String, exhibitId: Int, image: String, infoLabel: String, infoLabelText: String, name: String, room: Room, showcase: Showcase)","pelikan.bp.pelikanj.viewModels.ExhibitModelItem.ExhibitModelItem"]},{"name":"fun Fragment.hideKeyboard()","description":"pelikan.bp.pelikanj.ui.findExhibit.PickExhibitFragment.hideKeyboard","location":"app/pelikan.bp.pelikanj.ui.findExhibit/-pick-exhibit-fragment/hide-keyboard.html","searchKeys":["hideKeyboard","fun Fragment.hideKeyboard()","pelikan.bp.pelikanj.ui.findExhibit.PickExhibitFragment.hideKeyboard"]},{"name":"fun Fragment.hideKeyboard()","description":"pelikan.bp.pelikanj.ui.more.SendExhibitFragment.hideKeyboard","location":"app/pelikan.bp.pelikanj.ui.more/-send-exhibit-fragment/hide-keyboard.html","searchKeys":["hideKeyboard","fun Fragment.hideKeyboard()","pelikan.bp.pelikanj.ui.more.SendExhibitFragment.hideKeyboard"]},{"name":"fun Fragment.hideKeyboard()","description":"pelikan.bp.pelikanj.ui.profile.ChangePasswordFragment.hideKeyboard","location":"app/pelikan.bp.pelikanj.ui.profile/-change-password-fragment/hide-keyboard.html","searchKeys":["hideKeyboard","fun Fragment.hideKeyboard()","pelikan.bp.pelikanj.ui.profile.ChangePasswordFragment.hideKeyboard"]},{"name":"fun Fragment.hideKeyboard()","description":"pelikan.bp.pelikanj.ui.profile.ProfileFragment.hideKeyboard","location":"app/pelikan.bp.pelikanj.ui.profile/-profile-fragment/hide-keyboard.html","searchKeys":["hideKeyboard","fun Fragment.hideKeyboard()","pelikan.bp.pelikanj.ui.profile.ProfileFragment.hideKeyboard"]},{"name":"fun InstitutionsFragment()","description":"pelikan.bp.pelikanj.ui.institutions.InstitutionsFragment.InstitutionsFragment","location":"app/pelikan.bp.pelikanj.ui.institutions/-institutions-fragment/-institutions-fragment.html","searchKeys":["InstitutionsFragment","fun InstitutionsFragment()","pelikan.bp.pelikanj.ui.institutions.InstitutionsFragment.InstitutionsFragment"]},{"name":"fun InstitutionsModel()","description":"pelikan.bp.pelikanj.viewModels.InstitutionsModel.InstitutionsModel","location":"app/pelikan.bp.pelikanj.viewModels/-institutions-model/-institutions-model.html","searchKeys":["InstitutionsModel","fun InstitutionsModel()","pelikan.bp.pelikanj.viewModels.InstitutionsModel.InstitutionsModel"]},{"name":"fun InstitutionsModelItem(address: String, createdAt: String, image: String, institutionId: Int, latitude: Double, longitude: Double, name: String, description: String)","description":"pelikan.bp.pelikanj.viewModels.InstitutionsModelItem.InstitutionsModelItem","location":"app/pelikan.bp.pelikanj.viewModels/-institutions-model-item/-institutions-model-item.html","searchKeys":["InstitutionsModelItem","fun InstitutionsModelItem(address: String, createdAt: String, image: String, institutionId: Int, latitude: Double, longitude: Double, name: String, description: String)","pelikan.bp.pelikanj.viewModels.InstitutionsModelItem.InstitutionsModelItem"]},{"name":"fun LanguageSettingFragment()","description":"pelikan.bp.pelikanj.ui.more.languageSetting.LanguageSettingFragment.LanguageSettingFragment","location":"app/pelikan.bp.pelikanj.ui.more.languageSetting/-language-setting-fragment/-language-setting-fragment.html","searchKeys":["LanguageSettingFragment","fun LanguageSettingFragment()","pelikan.bp.pelikanj.ui.more.languageSetting.LanguageSettingFragment.LanguageSettingFragment"]},{"name":"fun LoggedUserFragment()","description":"pelikan.bp.pelikanj.ui.profile.LoggedUserFragment.LoggedUserFragment","location":"app/pelikan.bp.pelikanj.ui.profile/-logged-user-fragment/-logged-user-fragment.html","searchKeys":["LoggedUserFragment","fun LoggedUserFragment()","pelikan.bp.pelikanj.ui.profile.LoggedUserFragment.LoggedUserFragment"]},{"name":"fun MainActivity()","description":"pelikan.bp.pelikanj.MainActivity.MainActivity","location":"app/pelikan.bp.pelikanj/-main-activity/-main-activity.html","searchKeys":["MainActivity","fun MainActivity()","pelikan.bp.pelikanj.MainActivity.MainActivity"]},{"name":"fun MoreFragment()","description":"pelikan.bp.pelikanj.ui.more.MoreFragment.MoreFragment","location":"app/pelikan.bp.pelikanj.ui.more/-more-fragment/-more-fragment.html","searchKeys":["MoreFragment","fun MoreFragment()","pelikan.bp.pelikanj.ui.more.MoreFragment.MoreFragment"]},{"name":"fun MyLanguages(language: String, languageShort: String)","description":"pelikan.bp.pelikanj.viewModels.MyLanguages.MyLanguages","location":"app/pelikan.bp.pelikanj.viewModels/-my-languages/-my-languages.html","searchKeys":["MyLanguages","fun MyLanguages(language: String, languageShort: String)","pelikan.bp.pelikanj.viewModels.MyLanguages.MyLanguages"]},{"name":"fun PasswordModel(password: String)","description":"pelikan.bp.pelikanj.viewModels.PasswordModel.PasswordModel","location":"app/pelikan.bp.pelikanj.viewModels/-password-model/-password-model.html","searchKeys":["PasswordModel","fun PasswordModel(password: String)","pelikan.bp.pelikanj.viewModels.PasswordModel.PasswordModel"]},{"name":"fun PickExhibitFragment()","description":"pelikan.bp.pelikanj.ui.findExhibit.PickExhibitFragment.PickExhibitFragment","location":"app/pelikan.bp.pelikanj.ui.findExhibit/-pick-exhibit-fragment/-pick-exhibit-fragment.html","searchKeys":["PickExhibitFragment","fun PickExhibitFragment()","pelikan.bp.pelikanj.ui.findExhibit.PickExhibitFragment.PickExhibitFragment"]},{"name":"fun ProfileFragment()","description":"pelikan.bp.pelikanj.ui.profile.ProfileFragment.ProfileFragment","location":"app/pelikan.bp.pelikanj.ui.profile/-profile-fragment/-profile-fragment.html","searchKeys":["ProfileFragment","fun ProfileFragment()","pelikan.bp.pelikanj.ui.profile.ProfileFragment.ProfileFragment"]},{"name":"fun RegistrationFragment()","description":"pelikan.bp.pelikanj.ui.profile.RegistrationFragment.RegistrationFragment","location":"app/pelikan.bp.pelikanj.ui.profile/-registration-fragment/-registration-fragment.html","searchKeys":["RegistrationFragment","fun RegistrationFragment()","pelikan.bp.pelikanj.ui.profile.RegistrationFragment.RegistrationFragment"]},{"name":"fun Room(roomId: Int, name: String, description: String, buildingId: Int, createdAt: String)","description":"pelikan.bp.pelikanj.viewModels.Room.Room","location":"app/pelikan.bp.pelikanj.viewModels/-room/-room.html","searchKeys":["Room","fun Room(roomId: Int, name: String, description: String, buildingId: Int, createdAt: String)","pelikan.bp.pelikanj.viewModels.Room.Room"]},{"name":"fun ScannerFragment()","description":"pelikan.bp.pelikanj.ui.scanner.ScannerFragment.ScannerFragment","location":"app/pelikan.bp.pelikanj.ui.scanner/-scanner-fragment/-scanner-fragment.html","searchKeys":["ScannerFragment","fun ScannerFragment()","pelikan.bp.pelikanj.ui.scanner.ScannerFragment.ScannerFragment"]},{"name":"fun SendExhibitFragment()","description":"pelikan.bp.pelikanj.ui.more.SendExhibitFragment.SendExhibitFragment","location":"app/pelikan.bp.pelikanj.ui.more/-send-exhibit-fragment/-send-exhibit-fragment.html","searchKeys":["SendExhibitFragment","fun SendExhibitFragment()","pelikan.bp.pelikanj.ui.more.SendExhibitFragment.SendExhibitFragment"]},{"name":"fun Showcase(showcaseId: Int, name: String, description: String, roomId: Int, createdAt: String)","description":"pelikan.bp.pelikanj.viewModels.Showcase.Showcase","location":"app/pelikan.bp.pelikanj.viewModels/-showcase/-showcase.html","searchKeys":["Showcase","fun Showcase(showcaseId: Int, name: String, description: String, roomId: Int, createdAt: String)","pelikan.bp.pelikanj.viewModels.Showcase.Showcase"]},{"name":"fun TokenData(createdAt: String, email: String, exp: Int, iat: Int, id: String, isAdmin: Boolean, isInstitutionOwner: Boolean, isTranslator: Boolean, username: String)","description":"pelikan.bp.pelikanj.viewModels.TokenData.TokenData","location":"app/pelikan.bp.pelikanj.viewModels/-token-data/-token-data.html","searchKeys":["TokenData","fun TokenData(createdAt: String, email: String, exp: Int, iat: Int, id: String, isAdmin: Boolean, isInstitutionOwner: Boolean, isTranslator: Boolean, username: String)","pelikan.bp.pelikanj.viewModels.TokenData.TokenData"]},{"name":"fun TokenModel(token: String)","description":"pelikan.bp.pelikanj.viewModels.TokenModel.TokenModel","location":"app/pelikan.bp.pelikanj.viewModels/-token-model/-token-model.html","searchKeys":["TokenModel","fun TokenModel(token: String)","pelikan.bp.pelikanj.viewModels.TokenModel.TokenModel"]},{"name":"fun Translation(translationId: Int, institutionId: Int, authorUsername: String, translatedText: String, isOfficial: Boolean, createdAt: String, likesCount: Int)","description":"pelikan.bp.pelikanj.viewModels.Translation.Translation","location":"app/pelikan.bp.pelikanj.viewModels/-translation/-translation.html","searchKeys":["Translation","fun Translation(translationId: Int, institutionId: Int, authorUsername: String, translatedText: String, isOfficial: Boolean, createdAt: String, likesCount: Int)","pelikan.bp.pelikanj.viewModels.Translation.Translation"]},{"name":"fun User(username: String, password: String, email: String)","description":"pelikan.bp.pelikanj.viewModels.User.User","location":"app/pelikan.bp.pelikanj.viewModels/-user/-user.html","searchKeys":["User","fun User(username: String, password: String, email: String)","pelikan.bp.pelikanj.viewModels.User.User"]},{"name":"fun UserLogin(username: String, password: String)","description":"pelikan.bp.pelikanj.viewModels.UserLogin.UserLogin","location":"app/pelikan.bp.pelikanj.viewModels/-user-login/-user-login.html","searchKeys":["UserLogin","fun UserLogin(username: String, password: String)","pelikan.bp.pelikanj.viewModels.UserLogin.UserLogin"]},{"name":"fun create(): ApiClient","description":"pelikan.bp.pelikanj.ApiClient.Companion.create","location":"app/pelikan.bp.pelikanj/-api-client/-companion/create.html","searchKeys":["create","fun create(): ApiClient","pelikan.bp.pelikanj.ApiClient.Companion.create"]},{"name":"fun filterList(filteredList: ArrayList<MyLanguages>)","description":"pelikan.bp.pelikanj.ui.more.languageSetting.CustomAdapter.filterList","location":"app/pelikan.bp.pelikanj.ui.more.languageSetting/-custom-adapter/filter-list.html","searchKeys":["filterList","fun filterList(filteredList: ArrayList<MyLanguages>)","pelikan.bp.pelikanj.ui.more.languageSetting.CustomAdapter.filterList"]},{"name":"fun getAllBuildings(): ArrayList<Building>","description":"pelikan.bp.pelikanj.DBClient.getAllBuildings","location":"app/pelikan.bp.pelikanj/-d-b-client/get-all-buildings.html","searchKeys":["getAllBuildings","fun getAllBuildings(): ArrayList<Building>","pelikan.bp.pelikanj.DBClient.getAllBuildings"]},{"name":"fun getAllInstitutions(): ArrayList<InstitutionsModelItem>","description":"pelikan.bp.pelikanj.DBClient.getAllInstitutions","location":"app/pelikan.bp.pelikanj/-d-b-client/get-all-institutions.html","searchKeys":["getAllInstitutions","fun getAllInstitutions(): ArrayList<InstitutionsModelItem>","pelikan.bp.pelikanj.DBClient.getAllInstitutions"]},{"name":"fun getAllRooms(): ArrayList<Room>","description":"pelikan.bp.pelikanj.DBClient.getAllRooms","location":"app/pelikan.bp.pelikanj/-d-b-client/get-all-rooms.html","searchKeys":["getAllRooms","fun getAllRooms(): ArrayList<Room>","pelikan.bp.pelikanj.DBClient.getAllRooms"]},{"name":"fun getAllShowcases(): ArrayList<Showcase>","description":"pelikan.bp.pelikanj.DBClient.getAllShowcases","location":"app/pelikan.bp.pelikanj/-d-b-client/get-all-showcases.html","searchKeys":["getAllShowcases","fun getAllShowcases(): ArrayList<Showcase>","pelikan.bp.pelikanj.DBClient.getAllShowcases"]},{"name":"fun getAllUserData(): DatabaseModel?","description":"pelikan.bp.pelikanj.DBClient.getAllUserData","location":"app/pelikan.bp.pelikanj/-d-b-client/get-all-user-data.html","searchKeys":["getAllUserData","fun getAllUserData(): DatabaseModel?","pelikan.bp.pelikanj.DBClient.getAllUserData"]},{"name":"fun insertAllBuildings(buildings: ArrayList<Building>)","description":"pelikan.bp.pelikanj.DBClient.insertAllBuildings","location":"app/pelikan.bp.pelikanj/-d-b-client/insert-all-buildings.html","searchKeys":["insertAllBuildings","fun insertAllBuildings(buildings: ArrayList<Building>)","pelikan.bp.pelikanj.DBClient.insertAllBuildings"]},{"name":"fun insertAllInstitutions(institutions: ArrayList<InstitutionsModelItem>)","description":"pelikan.bp.pelikanj.DBClient.insertAllInstitutions","location":"app/pelikan.bp.pelikanj/-d-b-client/insert-all-institutions.html","searchKeys":["insertAllInstitutions","fun insertAllInstitutions(institutions: ArrayList<InstitutionsModelItem>)","pelikan.bp.pelikanj.DBClient.insertAllInstitutions"]},{"name":"fun insertAllRooms(rooms: ArrayList<Room>)","description":"pelikan.bp.pelikanj.DBClient.insertAllRooms","location":"app/pelikan.bp.pelikanj/-d-b-client/insert-all-rooms.html","searchKeys":["insertAllRooms","fun insertAllRooms(rooms: ArrayList<Room>)","pelikan.bp.pelikanj.DBClient.insertAllRooms"]},{"name":"fun insertAllShowcases(showcases: ArrayList<Showcase>)","description":"pelikan.bp.pelikanj.DBClient.insertAllShowcases","location":"app/pelikan.bp.pelikanj/-d-b-client/insert-all-showcases.html","searchKeys":["insertAllShowcases","fun insertAllShowcases(showcases: ArrayList<Showcase>)","pelikan.bp.pelikanj.DBClient.insertAllShowcases"]},{"name":"fun insertDefaultData(language: String?, token: String?, profilePicture: String?): Boolean","description":"pelikan.bp.pelikanj.DBClient.insertDefaultData","location":"app/pelikan.bp.pelikanj/-d-b-client/insert-default-data.html","searchKeys":["insertDefaultData","fun insertDefaultData(language: String?, token: String?, profilePicture: String?): Boolean","pelikan.bp.pelikanj.DBClient.insertDefaultData"]},{"name":"fun updateLanguage(language: String)","description":"pelikan.bp.pelikanj.DBClient.updateLanguage","location":"app/pelikan.bp.pelikanj/-d-b-client/update-language.html","searchKeys":["updateLanguage","fun updateLanguage(language: String)","pelikan.bp.pelikanj.DBClient.updateLanguage"]},{"name":"fun updateProfilePicture(profilePicture: String)","description":"pelikan.bp.pelikanj.DBClient.updateProfilePicture","location":"app/pelikan.bp.pelikanj/-d-b-client/update-profile-picture.html","searchKeys":["updateProfilePicture","fun updateProfilePicture(profilePicture: String)","pelikan.bp.pelikanj.DBClient.updateProfilePicture"]},{"name":"fun updateToken(token: String?)","description":"pelikan.bp.pelikanj.DBClient.updateToken","location":"app/pelikan.bp.pelikanj/-d-b-client/update-token.html","searchKeys":["updateToken","fun updateToken(token: String?)","pelikan.bp.pelikanj.DBClient.updateToken"]},{"name":"interface ApiClient","description":"pelikan.bp.pelikanj.ApiClient","location":"app/pelikan.bp.pelikanj/-api-client/index.html","searchKeys":["ApiClient","interface ApiClient","pelikan.bp.pelikanj.ApiClient"]},{"name":"interface OnSelectListener","description":"pelikan.bp.pelikanj.ui.more.languageSetting.OnSelectListener","location":"app/pelikan.bp.pelikanj.ui.more.languageSetting/-on-select-listener/index.html","searchKeys":["OnSelectListener","interface OnSelectListener","pelikan.bp.pelikanj.ui.more.languageSetting.OnSelectListener"]},{"name":"lateinit var animation: LottieAnimationView","description":"pelikan.bp.pelikanj.ui.more.SendExhibitFragment.animation","location":"app/pelikan.bp.pelikanj.ui.more/-send-exhibit-fragment/animation.html","searchKeys":["animation","lateinit var animation: LottieAnimationView","pelikan.bp.pelikanj.ui.more.SendExhibitFragment.animation"]},{"name":"lateinit var animation: LottieAnimationView","description":"pelikan.bp.pelikanj.ui.profile.ChangePasswordFragment.animation","location":"app/pelikan.bp.pelikanj.ui.profile/-change-password-fragment/animation.html","searchKeys":["animation","lateinit var animation: LottieAnimationView","pelikan.bp.pelikanj.ui.profile.ChangePasswordFragment.animation"]},{"name":"lateinit var animation: LottieAnimationView","description":"pelikan.bp.pelikanj.ui.profile.RegistrationFragment.animation","location":"app/pelikan.bp.pelikanj.ui.profile/-registration-fragment/animation.html","searchKeys":["animation","lateinit var animation: LottieAnimationView","pelikan.bp.pelikanj.ui.profile.RegistrationFragment.animation"]},{"name":"lateinit var animationF: LottieAnimationView","description":"pelikan.bp.pelikanj.ui.more.SendExhibitFragment.animationF","location":"app/pelikan.bp.pelikanj.ui.more/-send-exhibit-fragment/animation-f.html","searchKeys":["animationF","lateinit var animationF: LottieAnimationView","pelikan.bp.pelikanj.ui.more.SendExhibitFragment.animationF"]},{"name":"lateinit var animationF: LottieAnimationView","description":"pelikan.bp.pelikanj.ui.profile.ChangePasswordFragment.animationF","location":"app/pelikan.bp.pelikanj.ui.profile/-change-password-fragment/animation-f.html","searchKeys":["animationF","lateinit var animationF: LottieAnimationView","pelikan.bp.pelikanj.ui.profile.ChangePasswordFragment.animationF"]},{"name":"lateinit var animationF: LottieAnimationView","description":"pelikan.bp.pelikanj.ui.profile.ProfileFragment.animationF","location":"app/pelikan.bp.pelikanj.ui.profile/-profile-fragment/animation-f.html","searchKeys":["animationF","lateinit var animationF: LottieAnimationView","pelikan.bp.pelikanj.ui.profile.ProfileFragment.animationF"]},{"name":"lateinit var animationF: LottieAnimationView","description":"pelikan.bp.pelikanj.ui.profile.RegistrationFragment.animationF","location":"app/pelikan.bp.pelikanj.ui.profile/-registration-fragment/animation-f.html","searchKeys":["animationF","lateinit var animationF: LottieAnimationView","pelikan.bp.pelikanj.ui.profile.RegistrationFragment.animationF"]},{"name":"lateinit var card: LinearLayout","description":"pelikan.bp.pelikanj.ui.findExhibit.PickExhibitFragment.card","location":"app/pelikan.bp.pelikanj.ui.findExhibit/-pick-exhibit-fragment/card.html","searchKeys":["card","lateinit var card: LinearLayout","pelikan.bp.pelikanj.ui.findExhibit.PickExhibitFragment.card"]},{"name":"lateinit var card: LinearLayout","description":"pelikan.bp.pelikanj.ui.institutions.InstitutionsFragment.card","location":"app/pelikan.bp.pelikanj.ui.institutions/-institutions-fragment/card.html","searchKeys":["card","lateinit var card: LinearLayout","pelikan.bp.pelikanj.ui.institutions.InstitutionsFragment.card"]},{"name":"lateinit var card: LinearLayout","description":"pelikan.bp.pelikanj.ui.more.SendExhibitFragment.card","location":"app/pelikan.bp.pelikanj.ui.more/-send-exhibit-fragment/card.html","searchKeys":["card","lateinit var card: LinearLayout","pelikan.bp.pelikanj.ui.more.SendExhibitFragment.card"]},{"name":"lateinit var card: LinearLayout","description":"pelikan.bp.pelikanj.ui.more.languageSetting.LanguageSettingFragment.card","location":"app/pelikan.bp.pelikanj.ui.more.languageSetting/-language-setting-fragment/card.html","searchKeys":["card","lateinit var card: LinearLayout","pelikan.bp.pelikanj.ui.more.languageSetting.LanguageSettingFragment.card"]},{"name":"lateinit var card: LinearLayout","description":"pelikan.bp.pelikanj.ui.profile.RegistrationFragment.card","location":"app/pelikan.bp.pelikanj.ui.profile/-registration-fragment/card.html","searchKeys":["card","lateinit var card: LinearLayout","pelikan.bp.pelikanj.ui.profile.RegistrationFragment.card"]},{"name":"lateinit var card: LinearLayout","description":"pelikan.bp.pelikanj.ui.scanner.ScannerFragment.card","location":"app/pelikan.bp.pelikanj.ui.scanner/-scanner-fragment/card.html","searchKeys":["card","lateinit var card: LinearLayout","pelikan.bp.pelikanj.ui.scanner.ScannerFragment.card"]},{"name":"lateinit var dbClient: DBClient","description":"pelikan.bp.pelikanj.ui.more.languageSetting.LanguageSettingFragment.dbClient","location":"app/pelikan.bp.pelikanj.ui.more.languageSetting/-language-setting-fragment/db-client.html","searchKeys":["dbClient","lateinit var dbClient: DBClient","pelikan.bp.pelikanj.ui.more.languageSetting.LanguageSettingFragment.dbClient"]},{"name":"lateinit var dbClient: DBClient","description":"pelikan.bp.pelikanj.ui.profile.ProfileFragment.dbClient","location":"app/pelikan.bp.pelikanj.ui.profile/-profile-fragment/db-client.html","searchKeys":["dbClient","lateinit var dbClient: DBClient","pelikan.bp.pelikanj.ui.profile.ProfileFragment.dbClient"]},{"name":"lateinit var emailInput: TextInputLayout","description":"pelikan.bp.pelikanj.ui.profile.RegistrationFragment.emailInput","location":"app/pelikan.bp.pelikanj.ui.profile/-registration-fragment/email-input.html","searchKeys":["emailInput","lateinit var emailInput: TextInputLayout","pelikan.bp.pelikanj.ui.profile.RegistrationFragment.emailInput"]},{"name":"lateinit var frameLayout: FrameLayout","description":"pelikan.bp.pelikanj.ui.findExhibit.PickExhibitFragment.frameLayout","location":"app/pelikan.bp.pelikanj.ui.findExhibit/-pick-exhibit-fragment/frame-layout.html","searchKeys":["frameLayout","lateinit var frameLayout: FrameLayout","pelikan.bp.pelikanj.ui.findExhibit.PickExhibitFragment.frameLayout"]},{"name":"lateinit var frameLayout: FrameLayout","description":"pelikan.bp.pelikanj.ui.more.SendExhibitFragment.frameLayout","location":"app/pelikan.bp.pelikanj.ui.more/-send-exhibit-fragment/frame-layout.html","searchKeys":["frameLayout","lateinit var frameLayout: FrameLayout","pelikan.bp.pelikanj.ui.more.SendExhibitFragment.frameLayout"]},{"name":"lateinit var frameLayout: FrameLayout","description":"pelikan.bp.pelikanj.ui.more.languageSetting.LanguageSettingFragment.frameLayout","location":"app/pelikan.bp.pelikanj.ui.more.languageSetting/-language-setting-fragment/frame-layout.html","searchKeys":["frameLayout","lateinit var frameLayout: FrameLayout","pelikan.bp.pelikanj.ui.more.languageSetting.LanguageSettingFragment.frameLayout"]},{"name":"lateinit var frameLayout: FrameLayout","description":"pelikan.bp.pelikanj.ui.profile.ChangePasswordFragment.frameLayout","location":"app/pelikan.bp.pelikanj.ui.profile/-change-password-fragment/frame-layout.html","searchKeys":["frameLayout","lateinit var frameLayout: FrameLayout","pelikan.bp.pelikanj.ui.profile.ChangePasswordFragment.frameLayout"]},{"name":"lateinit var frameLayout: FrameLayout","description":"pelikan.bp.pelikanj.ui.profile.ProfileFragment.frameLayout","location":"app/pelikan.bp.pelikanj.ui.profile/-profile-fragment/frame-layout.html","searchKeys":["frameLayout","lateinit var frameLayout: FrameLayout","pelikan.bp.pelikanj.ui.profile.ProfileFragment.frameLayout"]},{"name":"lateinit var frameLayout: FrameLayout","description":"pelikan.bp.pelikanj.ui.profile.RegistrationFragment.frameLayout","location":"app/pelikan.bp.pelikanj.ui.profile/-registration-fragment/frame-layout.html","searchKeys":["frameLayout","lateinit var frameLayout: FrameLayout","pelikan.bp.pelikanj.ui.profile.RegistrationFragment.frameLayout"]},{"name":"lateinit var frameLayout: FrameLayout","description":"pelikan.bp.pelikanj.ui.scanner.ScannerFragment.frameLayout","location":"app/pelikan.bp.pelikanj.ui.scanner/-scanner-fragment/frame-layout.html","searchKeys":["frameLayout","lateinit var frameLayout: FrameLayout","pelikan.bp.pelikanj.ui.scanner.ScannerFragment.frameLayout"]},{"name":"lateinit var overbox: LinearLayout","description":"pelikan.bp.pelikanj.ui.findExhibit.PickExhibitFragment.overbox","location":"app/pelikan.bp.pelikanj.ui.findExhibit/-pick-exhibit-fragment/overbox.html","searchKeys":["overbox","lateinit var overbox: LinearLayout","pelikan.bp.pelikanj.ui.findExhibit.PickExhibitFragment.overbox"]},{"name":"lateinit var overbox: LinearLayout","description":"pelikan.bp.pelikanj.ui.institutions.InstitutionsFragment.overbox","location":"app/pelikan.bp.pelikanj.ui.institutions/-institutions-fragment/overbox.html","searchKeys":["overbox","lateinit var overbox: LinearLayout","pelikan.bp.pelikanj.ui.institutions.InstitutionsFragment.overbox"]},{"name":"lateinit var overbox: LinearLayout","description":"pelikan.bp.pelikanj.ui.more.SendExhibitFragment.overbox","location":"app/pelikan.bp.pelikanj.ui.more/-send-exhibit-fragment/overbox.html","searchKeys":["overbox","lateinit var overbox: LinearLayout","pelikan.bp.pelikanj.ui.more.SendExhibitFragment.overbox"]},{"name":"lateinit var overbox: LinearLayout","description":"pelikan.bp.pelikanj.ui.more.languageSetting.LanguageSettingFragment.overbox","location":"app/pelikan.bp.pelikanj.ui.more.languageSetting/-language-setting-fragment/overbox.html","searchKeys":["overbox","lateinit var overbox: LinearLayout","pelikan.bp.pelikanj.ui.more.languageSetting.LanguageSettingFragment.overbox"]},{"name":"lateinit var overbox: LinearLayout","description":"pelikan.bp.pelikanj.ui.profile.ChangePasswordFragment.overbox","location":"app/pelikan.bp.pelikanj.ui.profile/-change-password-fragment/overbox.html","searchKeys":["overbox","lateinit var overbox: LinearLayout","pelikan.bp.pelikanj.ui.profile.ChangePasswordFragment.overbox"]},{"name":"lateinit var overbox: LinearLayout","description":"pelikan.bp.pelikanj.ui.profile.ProfileFragment.overbox","location":"app/pelikan.bp.pelikanj.ui.profile/-profile-fragment/overbox.html","searchKeys":["overbox","lateinit var overbox: LinearLayout","pelikan.bp.pelikanj.ui.profile.ProfileFragment.overbox"]},{"name":"lateinit var overbox: LinearLayout","description":"pelikan.bp.pelikanj.ui.profile.RegistrationFragment.overbox","location":"app/pelikan.bp.pelikanj.ui.profile/-registration-fragment/overbox.html","searchKeys":["overbox","lateinit var overbox: LinearLayout","pelikan.bp.pelikanj.ui.profile.RegistrationFragment.overbox"]},{"name":"lateinit var overbox: LinearLayout","description":"pelikan.bp.pelikanj.ui.scanner.ScannerFragment.overbox","location":"app/pelikan.bp.pelikanj.ui.scanner/-scanner-fragment/overbox.html","searchKeys":["overbox","lateinit var overbox: LinearLayout","pelikan.bp.pelikanj.ui.scanner.ScannerFragment.overbox"]},{"name":"lateinit var parent: ConstraintLayout","description":"pelikan.bp.pelikanj.ui.findExhibit.PickExhibitFragment.parent","location":"app/pelikan.bp.pelikanj.ui.findExhibit/-pick-exhibit-fragment/parent.html","searchKeys":["parent","lateinit var parent: ConstraintLayout","pelikan.bp.pelikanj.ui.findExhibit.PickExhibitFragment.parent"]},{"name":"lateinit var passwordAgainInput: TextInputLayout","description":"pelikan.bp.pelikanj.ui.profile.ChangePasswordFragment.passwordAgainInput","location":"app/pelikan.bp.pelikanj.ui.profile/-change-password-fragment/password-again-input.html","searchKeys":["passwordAgainInput","lateinit var passwordAgainInput: TextInputLayout","pelikan.bp.pelikanj.ui.profile.ChangePasswordFragment.passwordAgainInput"]},{"name":"lateinit var passwordAgainInput: TextInputLayout","description":"pelikan.bp.pelikanj.ui.profile.RegistrationFragment.passwordAgainInput","location":"app/pelikan.bp.pelikanj.ui.profile/-registration-fragment/password-again-input.html","searchKeys":["passwordAgainInput","lateinit var passwordAgainInput: TextInputLayout","pelikan.bp.pelikanj.ui.profile.RegistrationFragment.passwordAgainInput"]},{"name":"lateinit var passwordInput: TextInputLayout","description":"pelikan.bp.pelikanj.ui.profile.ChangePasswordFragment.passwordInput","location":"app/pelikan.bp.pelikanj.ui.profile/-change-password-fragment/password-input.html","searchKeys":["passwordInput","lateinit var passwordInput: TextInputLayout","pelikan.bp.pelikanj.ui.profile.ChangePasswordFragment.passwordInput"]},{"name":"lateinit var passwordInput: TextInputLayout","description":"pelikan.bp.pelikanj.ui.profile.ProfileFragment.passwordInput","location":"app/pelikan.bp.pelikanj.ui.profile/-profile-fragment/password-input.html","searchKeys":["passwordInput","lateinit var passwordInput: TextInputLayout","pelikan.bp.pelikanj.ui.profile.ProfileFragment.passwordInput"]},{"name":"lateinit var passwordInput: TextInputLayout","description":"pelikan.bp.pelikanj.ui.profile.RegistrationFragment.passwordInput","location":"app/pelikan.bp.pelikanj.ui.profile/-registration-fragment/password-input.html","searchKeys":["passwordInput","lateinit var passwordInput: TextInputLayout","pelikan.bp.pelikanj.ui.profile.RegistrationFragment.passwordInput"]},{"name":"lateinit var recyclerView: RecyclerView","description":"pelikan.bp.pelikanj.ui.more.languageSetting.LanguageSettingFragment.recyclerView","location":"app/pelikan.bp.pelikanj.ui.more.languageSetting/-language-setting-fragment/recycler-view.html","searchKeys":["recyclerView","lateinit var recyclerView: RecyclerView","pelikan.bp.pelikanj.ui.more.languageSetting.LanguageSettingFragment.recyclerView"]},{"name":"lateinit var textView: TextView","description":"pelikan.bp.pelikanj.ui.findExhibit.PickExhibitFragment.textView","location":"app/pelikan.bp.pelikanj.ui.findExhibit/-pick-exhibit-fragment/text-view.html","searchKeys":["textView","lateinit var textView: TextView","pelikan.bp.pelikanj.ui.findExhibit.PickExhibitFragment.textView"]},{"name":"lateinit var textView: TextView","description":"pelikan.bp.pelikanj.ui.scanner.ScannerFragment.textView","location":"app/pelikan.bp.pelikanj.ui.scanner/-scanner-fragment/text-view.html","searchKeys":["textView","lateinit var textView: TextView","pelikan.bp.pelikanj.ui.scanner.ScannerFragment.textView"]},{"name":"lateinit var usernameInput: TextInputLayout","description":"pelikan.bp.pelikanj.ui.profile.ProfileFragment.usernameInput","location":"app/pelikan.bp.pelikanj.ui.profile/-profile-fragment/username-input.html","searchKeys":["usernameInput","lateinit var usernameInput: TextInputLayout","pelikan.bp.pelikanj.ui.profile.ProfileFragment.usernameInput"]},{"name":"lateinit var usernameInput: TextInputLayout","description":"pelikan.bp.pelikanj.ui.profile.RegistrationFragment.usernameInput","location":"app/pelikan.bp.pelikanj.ui.profile/-registration-fragment/username-input.html","searchKeys":["usernameInput","lateinit var usernameInput: TextInputLayout","pelikan.bp.pelikanj.ui.profile.RegistrationFragment.usernameInput"]},{"name":"object Companion","description":"pelikan.bp.pelikanj.ApiClient.Companion","location":"app/pelikan.bp.pelikanj/-api-client/-companion/index.html","searchKeys":["Companion","object Companion","pelikan.bp.pelikanj.ApiClient.Companion"]},{"name":"object Companion","description":"pelikan.bp.pelikanj.DBClient.Companion","location":"app/pelikan.bp.pelikanj/-d-b-client/-companion/index.html","searchKeys":["Companion","object Companion","pelikan.bp.pelikanj.DBClient.Companion"]},{"name":"open override fun getItemCount(): Int","description":"pelikan.bp.pelikanj.ui.more.languageSetting.CustomAdapter.getItemCount","location":"app/pelikan.bp.pelikanj.ui.more.languageSetting/-custom-adapter/get-item-count.html","searchKeys":["getItemCount","open override fun getItemCount(): Int","pelikan.bp.pelikanj.ui.more.languageSetting.CustomAdapter.getItemCount"]},{"name":"open override fun onActivityResult(requestCode: Int, resultCode: Int, data: Intent?)","description":"pelikan.bp.pelikanj.ui.more.SendExhibitFragment.onActivityResult","location":"app/pelikan.bp.pelikanj.ui.more/-send-exhibit-fragment/on-activity-result.html","searchKeys":["onActivityResult","open override fun onActivityResult(requestCode: Int, resultCode: Int, data: Intent?)","pelikan.bp.pelikanj.ui.more.SendExhibitFragment.onActivityResult"]},{"name":"open override fun onActivityResult(requestCode: Int, resultCode: Int, data: Intent?)","description":"pelikan.bp.pelikanj.ui.profile.LoggedUserFragment.onActivityResult","location":"app/pelikan.bp.pelikanj.ui.profile/-logged-user-fragment/on-activity-result.html","searchKeys":["onActivityResult","open override fun onActivityResult(requestCode: Int, resultCode: Int, data: Intent?)","pelikan.bp.pelikanj.ui.profile.LoggedUserFragment.onActivityResult"]},{"name":"open override fun onBindViewHolder(holder: CustomViewHolder, position: Int)","description":"pelikan.bp.pelikanj.ui.more.languageSetting.CustomAdapter.onBindViewHolder","location":"app/pelikan.bp.pelikanj.ui.more.languageSetting/-custom-adapter/on-bind-view-holder.html","searchKeys":["onBindViewHolder","open override fun onBindViewHolder(holder: CustomViewHolder, position: Int)","pelikan.bp.pelikanj.ui.more.languageSetting.CustomAdapter.onBindViewHolder"]},{"name":"open override fun onCreate(savedInstanceState: Bundle?)","description":"pelikan.bp.pelikanj.ui.more.SendExhibitFragment.onCreate","location":"app/pelikan.bp.pelikanj.ui.more/-send-exhibit-fragment/on-create.html","searchKeys":["onCreate","open override fun onCreate(savedInstanceState: Bundle?)","pelikan.bp.pelikanj.ui.more.SendExhibitFragment.onCreate"]},{"name":"open override fun onCreate(savedInstanceState: Bundle?)","description":"pelikan.bp.pelikanj.ui.more.languageSetting.LanguageSettingFragment.onCreate","location":"app/pelikan.bp.pelikanj.ui.more.languageSetting/-language-setting-fragment/on-create.html","searchKeys":["onCreate","open override fun onCreate(savedInstanceState: Bundle?)","pelikan.bp.pelikanj.ui.more.languageSetting.LanguageSettingFragment.onCreate"]},{"name":"open override fun onCreate(savedInstanceState: Bundle?)","description":"pelikan.bp.pelikanj.ui.profile.ChangePasswordFragment.onCreate","location":"app/pelikan.bp.pelikanj.ui.profile/-change-password-fragment/on-create.html","searchKeys":["onCreate","open override fun onCreate(savedInstanceState: Bundle?)","pelikan.bp.pelikanj.ui.profile.ChangePasswordFragment.onCreate"]},{"name":"open override fun onCreate(savedInstanceState: Bundle?)","description":"pelikan.bp.pelikanj.ui.profile.LoggedUserFragment.onCreate","location":"app/pelikan.bp.pelikanj.ui.profile/-logged-user-fragment/on-create.html","searchKeys":["onCreate","open override fun onCreate(savedInstanceState: Bundle?)","pelikan.bp.pelikanj.ui.profile.LoggedUserFragment.onCreate"]},{"name":"open override fun onCreate(savedInstanceState: Bundle?)","description":"pelikan.bp.pelikanj.ui.profile.RegistrationFragment.onCreate","location":"app/pelikan.bp.pelikanj.ui.profile/-registration-fragment/on-create.html","searchKeys":["onCreate","open override fun onCreate(savedInstanceState: Bundle?)","pelikan.bp.pelikanj.ui.profile.RegistrationFragment.onCreate"]},{"name":"open override fun onCreate(sqLiteDatabase: SQLiteDatabase)","description":"pelikan.bp.pelikanj.DBClient.onCreate","location":"app/pelikan.bp.pelikanj/-d-b-client/on-create.html","searchKeys":["onCreate","open override fun onCreate(sqLiteDatabase: SQLiteDatabase)","pelikan.bp.pelikanj.DBClient.onCreate"]},{"name":"open override fun onCreateView(inflater: LayoutInflater, container: ViewGroup?, SavedInstanceState: Bundle?): View","description":"pelikan.bp.pelikanj.ui.more.SendExhibitFragment.onCreateView","location":"app/pelikan.bp.pelikanj.ui.more/-send-exhibit-fragment/on-create-view.html","searchKeys":["onCreateView","open override fun onCreateView(inflater: LayoutInflater, container: ViewGroup?, SavedInstanceState: Bundle?): View","pelikan.bp.pelikanj.ui.more.SendExhibitFragment.onCreateView"]},{"name":"open override fun onCreateView(inflater: LayoutInflater, container: ViewGroup?, savedInstanceState: Bundle?): View","description":"pelikan.bp.pelikanj.ui.findExhibit.PickExhibitFragment.onCreateView","location":"app/pelikan.bp.pelikanj.ui.findExhibit/-pick-exhibit-fragment/on-create-view.html","searchKeys":["onCreateView","open override fun onCreateView(inflater: LayoutInflater, container: ViewGroup?, savedInstanceState: Bundle?): View","pelikan.bp.pelikanj.ui.findExhibit.PickExhibitFragment.onCreateView"]},{"name":"open override fun onCreateView(inflater: LayoutInflater, container: ViewGroup?, savedInstanceState: Bundle?): View","description":"pelikan.bp.pelikanj.ui.institutions.InstitutionsFragment.onCreateView","location":"app/pelikan.bp.pelikanj.ui.institutions/-institutions-fragment/on-create-view.html","searchKeys":["onCreateView","open override fun onCreateView(inflater: LayoutInflater, container: ViewGroup?, savedInstanceState: Bundle?): View","pelikan.bp.pelikanj.ui.institutions.InstitutionsFragment.onCreateView"]},{"name":"open override fun onCreateView(inflater: LayoutInflater, container: ViewGroup?, savedInstanceState: Bundle?): View","description":"pelikan.bp.pelikanj.ui.more.MoreFragment.onCreateView","location":"app/pelikan.bp.pelikanj.ui.more/-more-fragment/on-create-view.html","searchKeys":["onCreateView","open override fun onCreateView(inflater: LayoutInflater, container: ViewGroup?, savedInstanceState: Bundle?): View","pelikan.bp.pelikanj.ui.more.MoreFragment.onCreateView"]},{"name":"open override fun onCreateView(inflater: LayoutInflater, container: ViewGroup?, savedInstanceState: Bundle?): View","description":"pelikan.bp.pelikanj.ui.profile.ChangePasswordFragment.onCreateView","location":"app/pelikan.bp.pelikanj.ui.profile/-change-password-fragment/on-create-view.html","searchKeys":["onCreateView","open override fun onCreateView(inflater: LayoutInflater, container: ViewGroup?, savedInstanceState: Bundle?): View","pelikan.bp.pelikanj.ui.profile.ChangePasswordFragment.onCreateView"]},{"name":"open override fun onCreateView(inflater: LayoutInflater, container: ViewGroup?, savedInstanceState: Bundle?): View","description":"pelikan.bp.pelikanj.ui.profile.LoggedUserFragment.onCreateView","location":"app/pelikan.bp.pelikanj.ui.profile/-logged-user-fragment/on-create-view.html","searchKeys":["onCreateView","open override fun onCreateView(inflater: LayoutInflater, container: ViewGroup?, savedInstanceState: Bundle?): View","pelikan.bp.pelikanj.ui.profile.LoggedUserFragment.onCreateView"]},{"name":"open override fun onCreateView(inflater: LayoutInflater, container: ViewGroup?, savedInstanceState: Bundle?): View","description":"pelikan.bp.pelikanj.ui.profile.ProfileFragment.onCreateView","location":"app/pelikan.bp.pelikanj.ui.profile/-profile-fragment/on-create-view.html","searchKeys":["onCreateView","open override fun onCreateView(inflater: LayoutInflater, container: ViewGroup?, savedInstanceState: Bundle?): View","pelikan.bp.pelikanj.ui.profile.ProfileFragment.onCreateView"]},{"name":"open override fun onCreateView(inflater: LayoutInflater, container: ViewGroup?, savedInstanceState: Bundle?): View","description":"pelikan.bp.pelikanj.ui.profile.RegistrationFragment.onCreateView","location":"app/pelikan.bp.pelikanj.ui.profile/-registration-fragment/on-create-view.html","searchKeys":["onCreateView","open override fun onCreateView(inflater: LayoutInflater, container: ViewGroup?, savedInstanceState: Bundle?): View","pelikan.bp.pelikanj.ui.profile.RegistrationFragment.onCreateView"]},{"name":"open override fun onCreateView(inflater: LayoutInflater, container: ViewGroup?, savedInstanceState: Bundle?): View","description":"pelikan.bp.pelikanj.ui.scanner.ScannerFragment.onCreateView","location":"app/pelikan.bp.pelikanj.ui.scanner/-scanner-fragment/on-create-view.html","searchKeys":["onCreateView","open override fun onCreateView(inflater: LayoutInflater, container: ViewGroup?, savedInstanceState: Bundle?): View","pelikan.bp.pelikanj.ui.scanner.ScannerFragment.onCreateView"]},{"name":"open override fun onCreateView(inflater: LayoutInflater, container: ViewGroup?, savedInstanceState: Bundle?): View?","description":"pelikan.bp.pelikanj.ui.more.languageSetting.LanguageSettingFragment.onCreateView","location":"app/pelikan.bp.pelikanj.ui.more.languageSetting/-language-setting-fragment/on-create-view.html","searchKeys":["onCreateView","open override fun onCreateView(inflater: LayoutInflater, container: ViewGroup?, savedInstanceState: Bundle?): View?","pelikan.bp.pelikanj.ui.more.languageSetting.LanguageSettingFragment.onCreateView"]},{"name":"open override fun onCreateViewHolder(parent: ViewGroup, viewType: Int): CustomViewHolder","description":"pelikan.bp.pelikanj.ui.more.languageSetting.CustomAdapter.onCreateViewHolder","location":"app/pelikan.bp.pelikanj.ui.more.languageSetting/-custom-adapter/on-create-view-holder.html","searchKeys":["onCreateViewHolder","open override fun onCreateViewHolder(parent: ViewGroup, viewType: Int): CustomViewHolder","pelikan.bp.pelikanj.ui.more.languageSetting.CustomAdapter.onCreateViewHolder"]},{"name":"open override fun onItemClicked(myLanguages: MyLanguages)","description":"pelikan.bp.pelikanj.ui.more.languageSetting.LanguageSettingFragment.onItemClicked","location":"app/pelikan.bp.pelikanj.ui.more.languageSetting/-language-setting-fragment/on-item-clicked.html","searchKeys":["onItemClicked","open override fun onItemClicked(myLanguages: MyLanguages)","pelikan.bp.pelikanj.ui.more.languageSetting.LanguageSettingFragment.onItemClicked"]},{"name":"open override fun onPause()","description":"pelikan.bp.pelikanj.ui.scanner.ScannerFragment.onPause","location":"app/pelikan.bp.pelikanj.ui.scanner/-scanner-fragment/on-pause.html","searchKeys":["onPause","open override fun onPause()","pelikan.bp.pelikanj.ui.scanner.ScannerFragment.onPause"]},{"name":"open override fun onRequestPermissionsResult(requestCode: Int, permissions: Array<String>, grantResults: IntArray)","description":"pelikan.bp.pelikanj.MainActivity.onRequestPermissionsResult","location":"app/pelikan.bp.pelikanj/-main-activity/on-request-permissions-result.html","searchKeys":["onRequestPermissionsResult","open override fun onRequestPermissionsResult(requestCode: Int, permissions: Array<String>, grantResults: IntArray)","pelikan.bp.pelikanj.MainActivity.onRequestPermissionsResult"]},{"name":"open override fun onResume()","description":"pelikan.bp.pelikanj.ui.scanner.ScannerFragment.onResume","location":"app/pelikan.bp.pelikanj.ui.scanner/-scanner-fragment/on-resume.html","searchKeys":["onResume","open override fun onResume()","pelikan.bp.pelikanj.ui.scanner.ScannerFragment.onResume"]},{"name":"open override fun onUpgrade(sqLiteDatabase: SQLiteDatabase, oldVersion: Int, newVersion: Int)","description":"pelikan.bp.pelikanj.DBClient.onUpgrade","location":"app/pelikan.bp.pelikanj/-d-b-client/on-upgrade.html","searchKeys":["onUpgrade","open override fun onUpgrade(sqLiteDatabase: SQLiteDatabase, oldVersion: Int, newVersion: Int)","pelikan.bp.pelikanj.DBClient.onUpgrade"]},{"name":"open override fun onViewCreated(view: View, savedInstanceState: Bundle?)","description":"pelikan.bp.pelikanj.ui.more.MoreFragment.onViewCreated","location":"app/pelikan.bp.pelikanj.ui.more/-more-fragment/on-view-created.html","searchKeys":["onViewCreated","open override fun onViewCreated(view: View, savedInstanceState: Bundle?)","pelikan.bp.pelikanj.ui.more.MoreFragment.onViewCreated"]},{"name":"open override fun onViewCreated(view: View, savedInstanceState: Bundle?)","description":"pelikan.bp.pelikanj.ui.more.languageSetting.LanguageSettingFragment.onViewCreated","location":"app/pelikan.bp.pelikanj.ui.more.languageSetting/-language-setting-fragment/on-view-created.html","searchKeys":["onViewCreated","open override fun onViewCreated(view: View, savedInstanceState: Bundle?)","pelikan.bp.pelikanj.ui.more.languageSetting.LanguageSettingFragment.onViewCreated"]},{"name":"open override fun onViewCreated(view: View, savedInstanceState: Bundle?)","description":"pelikan.bp.pelikanj.ui.profile.ChangePasswordFragment.onViewCreated","location":"app/pelikan.bp.pelikanj.ui.profile/-change-password-fragment/on-view-created.html","searchKeys":["onViewCreated","open override fun onViewCreated(view: View, savedInstanceState: Bundle?)","pelikan.bp.pelikanj.ui.profile.ChangePasswordFragment.onViewCreated"]},{"name":"open override fun onViewCreated(view: View, savedInstanceState: Bundle?)","description":"pelikan.bp.pelikanj.ui.profile.LoggedUserFragment.onViewCreated","location":"app/pelikan.bp.pelikanj.ui.profile/-logged-user-fragment/on-view-created.html","searchKeys":["onViewCreated","open override fun onViewCreated(view: View, savedInstanceState: Bundle?)","pelikan.bp.pelikanj.ui.profile.LoggedUserFragment.onViewCreated"]},{"name":"open override fun onViewCreated(view: View, savedInstanceState: Bundle?)","description":"pelikan.bp.pelikanj.ui.profile.ProfileFragment.onViewCreated","location":"app/pelikan.bp.pelikanj.ui.profile/-profile-fragment/on-view-created.html","searchKeys":["onViewCreated","open override fun onViewCreated(view: View, savedInstanceState: Bundle?)","pelikan.bp.pelikanj.ui.profile.ProfileFragment.onViewCreated"]},{"name":"open override fun onViewCreated(view: View, savedInstanceState: Bundle?)","description":"pelikan.bp.pelikanj.ui.profile.RegistrationFragment.onViewCreated","location":"app/pelikan.bp.pelikanj.ui.profile/-registration-fragment/on-view-created.html","searchKeys":["onViewCreated","open override fun onViewCreated(view: View, savedInstanceState: Bundle?)","pelikan.bp.pelikanj.ui.profile.RegistrationFragment.onViewCreated"]},{"name":"open override fun onViewCreated(view: View, savedInstanceState: Bundle?)","description":"pelikan.bp.pelikanj.ui.scanner.ScannerFragment.onViewCreated","location":"app/pelikan.bp.pelikanj.ui.scanner/-scanner-fragment/on-view-created.html","searchKeys":["onViewCreated","open override fun onViewCreated(view: View, savedInstanceState: Bundle?)","pelikan.bp.pelikanj.ui.scanner.ScannerFragment.onViewCreated"]},{"name":"val address: String","description":"pelikan.bp.pelikanj.viewModels.InstitutionsModelItem.address","location":"app/pelikan.bp.pelikanj.viewModels/-institutions-model-item/address.html","searchKeys":["address","val address: String","pelikan.bp.pelikanj.viewModels.InstitutionsModelItem.address"]},{"name":"val authorUsername: String","description":"pelikan.bp.pelikanj.viewModels.Translation.authorUsername","location":"app/pelikan.bp.pelikanj.viewModels/-translation/author-username.html","searchKeys":["authorUsername","val authorUsername: String","pelikan.bp.pelikanj.viewModels.Translation.authorUsername"]},{"name":"val building: Building","description":"pelikan.bp.pelikanj.viewModels.ExhibitModelItem.building","location":"app/pelikan.bp.pelikanj.viewModels/-exhibit-model-item/building.html","searchKeys":["building","val building: Building","pelikan.bp.pelikanj.viewModels.ExhibitModelItem.building"]},{"name":"val buildingId: Int","description":"pelikan.bp.pelikanj.viewModels.Building.buildingId","location":"app/pelikan.bp.pelikanj.viewModels/-building/building-id.html","searchKeys":["buildingId","val buildingId: Int","pelikan.bp.pelikanj.viewModels.Building.buildingId"]},{"name":"val buildingId: Int","description":"pelikan.bp.pelikanj.viewModels.Room.buildingId","location":"app/pelikan.bp.pelikanj.viewModels/-room/building-id.html","searchKeys":["buildingId","val buildingId: Int","pelikan.bp.pelikanj.viewModels.Room.buildingId"]},{"name":"val buildingId: String","description":"pelikan.bp.pelikanj.viewModels.ExhibitItemWithExhibitImage.buildingId","location":"app/pelikan.bp.pelikanj.viewModels/-exhibit-item-with-exhibit-image/building-id.html","searchKeys":["buildingId","val buildingId: String","pelikan.bp.pelikanj.viewModels.ExhibitItemWithExhibitImage.buildingId"]},{"name":"val buildingId: String","description":"pelikan.bp.pelikanj.viewModels.ExhibitItemWithoutExhibitImage.buildingId","location":"app/pelikan.bp.pelikanj.viewModels/-exhibit-item-without-exhibit-image/building-id.html","searchKeys":["buildingId","val buildingId: String","pelikan.bp.pelikanj.viewModels.ExhibitItemWithoutExhibitImage.buildingId"]},{"name":"val createdAt: String","description":"pelikan.bp.pelikanj.viewModels.Building.createdAt","location":"app/pelikan.bp.pelikanj.viewModels/-building/created-at.html","searchKeys":["createdAt","val createdAt: String","pelikan.bp.pelikanj.viewModels.Building.createdAt"]},{"name":"val createdAt: String","description":"pelikan.bp.pelikanj.viewModels.ExhibitModelItem.createdAt","location":"app/pelikan.bp.pelikanj.viewModels/-exhibit-model-item/created-at.html","searchKeys":["createdAt","val createdAt: String","pelikan.bp.pelikanj.viewModels.ExhibitModelItem.createdAt"]},{"name":"val createdAt: String","description":"pelikan.bp.pelikanj.viewModels.InstitutionsModelItem.createdAt","location":"app/pelikan.bp.pelikanj.viewModels/-institutions-model-item/created-at.html","searchKeys":["createdAt","val createdAt: String","pelikan.bp.pelikanj.viewModels.InstitutionsModelItem.createdAt"]},{"name":"val createdAt: String","description":"pelikan.bp.pelikanj.viewModels.Room.createdAt","location":"app/pelikan.bp.pelikanj.viewModels/-room/created-at.html","searchKeys":["createdAt","val createdAt: String","pelikan.bp.pelikanj.viewModels.Room.createdAt"]},{"name":"val createdAt: String","description":"pelikan.bp.pelikanj.viewModels.Showcase.createdAt","location":"app/pelikan.bp.pelikanj.viewModels/-showcase/created-at.html","searchKeys":["createdAt","val createdAt: String","pelikan.bp.pelikanj.viewModels.Showcase.createdAt"]},{"name":"val createdAt: String","description":"pelikan.bp.pelikanj.viewModels.TokenData.createdAt","location":"app/pelikan.bp.pelikanj.viewModels/-token-data/created-at.html","searchKeys":["createdAt","val createdAt: String","pelikan.bp.pelikanj.viewModels.TokenData.createdAt"]},{"name":"val createdAt: String","description":"pelikan.bp.pelikanj.viewModels.Translation.createdAt","location":"app/pelikan.bp.pelikanj.viewModels/-translation/created-at.html","searchKeys":["createdAt","val createdAt: String","pelikan.bp.pelikanj.viewModels.Translation.createdAt"]},{"name":"val description: String","description":"pelikan.bp.pelikanj.viewModels.Building.description","location":"app/pelikan.bp.pelikanj.viewModels/-building/description.html","searchKeys":["description","val description: String","pelikan.bp.pelikanj.viewModels.Building.description"]},{"name":"val description: String","description":"pelikan.bp.pelikanj.viewModels.InstitutionsModelItem.description","location":"app/pelikan.bp.pelikanj.viewModels/-institutions-model-item/description.html","searchKeys":["description","val description: String","pelikan.bp.pelikanj.viewModels.InstitutionsModelItem.description"]},{"name":"val description: String","description":"pelikan.bp.pelikanj.viewModels.Room.description","location":"app/pelikan.bp.pelikanj.viewModels/-room/description.html","searchKeys":["description","val description: String","pelikan.bp.pelikanj.viewModels.Room.description"]},{"name":"val description: String","description":"pelikan.bp.pelikanj.viewModels.Showcase.description","location":"app/pelikan.bp.pelikanj.viewModels/-showcase/description.html","searchKeys":["description","val description: String","pelikan.bp.pelikanj.viewModels.Showcase.description"]},{"name":"val email: String","description":"pelikan.bp.pelikanj.viewModels.TokenData.email","location":"app/pelikan.bp.pelikanj.viewModels/-token-data/email.html","searchKeys":["email","val email: String","pelikan.bp.pelikanj.viewModels.TokenData.email"]},{"name":"val email: String","description":"pelikan.bp.pelikanj.viewModels.User.email","location":"app/pelikan.bp.pelikanj.viewModels/-user/email.html","searchKeys":["email","val email: String","pelikan.bp.pelikanj.viewModels.User.email"]},{"name":"val encodedImage: String","description":"pelikan.bp.pelikanj.viewModels.ExhibitItemWithExhibitImage.encodedImage","location":"app/pelikan.bp.pelikanj.viewModels/-exhibit-item-with-exhibit-image/encoded-image.html","searchKeys":["encodedImage","val encodedImage: String","pelikan.bp.pelikanj.viewModels.ExhibitItemWithExhibitImage.encodedImage"]},{"name":"val encodedInfoLabel: String","description":"pelikan.bp.pelikanj.viewModels.ExhibitItemWithExhibitImage.encodedInfoLabel","location":"app/pelikan.bp.pelikanj.viewModels/-exhibit-item-with-exhibit-image/encoded-info-label.html","searchKeys":["encodedInfoLabel","val encodedInfoLabel: String","pelikan.bp.pelikanj.viewModels.ExhibitItemWithExhibitImage.encodedInfoLabel"]},{"name":"val encodedInfoLabel: String","description":"pelikan.bp.pelikanj.viewModels.ExhibitItemWithoutExhibitImage.encodedInfoLabel","location":"app/pelikan.bp.pelikanj.viewModels/-exhibit-item-without-exhibit-image/encoded-info-label.html","searchKeys":["encodedInfoLabel","val encodedInfoLabel: String","pelikan.bp.pelikanj.viewModels.ExhibitItemWithoutExhibitImage.encodedInfoLabel"]},{"name":"val exhibitId: Int","description":"pelikan.bp.pelikanj.viewModels.ExhibitModelItem.exhibitId","location":"app/pelikan.bp.pelikanj.viewModels/-exhibit-model-item/exhibit-id.html","searchKeys":["exhibitId","val exhibitId: Int","pelikan.bp.pelikanj.viewModels.ExhibitModelItem.exhibitId"]},{"name":"val exp: Int","description":"pelikan.bp.pelikanj.viewModels.TokenData.exp","location":"app/pelikan.bp.pelikanj.viewModels/-token-data/exp.html","searchKeys":["exp","val exp: Int","pelikan.bp.pelikanj.viewModels.TokenData.exp"]},{"name":"val iat: Int","description":"pelikan.bp.pelikanj.viewModels.TokenData.iat","location":"app/pelikan.bp.pelikanj.viewModels/-token-data/iat.html","searchKeys":["iat","val iat: Int","pelikan.bp.pelikanj.viewModels.TokenData.iat"]},{"name":"val id: String","description":"pelikan.bp.pelikanj.viewModels.TokenData.id","location":"app/pelikan.bp.pelikanj.viewModels/-token-data/id.html","searchKeys":["id","val id: String","pelikan.bp.pelikanj.viewModels.TokenData.id"]},{"name":"val image: String","description":"pelikan.bp.pelikanj.viewModels.ExhibitModelItem.image","location":"app/pelikan.bp.pelikanj.viewModels/-exhibit-model-item/image.html","searchKeys":["image","val image: String","pelikan.bp.pelikanj.viewModels.ExhibitModelItem.image"]},{"name":"val image: String","description":"pelikan.bp.pelikanj.viewModels.InstitutionsModelItem.image","location":"app/pelikan.bp.pelikanj.viewModels/-institutions-model-item/image.html","searchKeys":["image","val image: String","pelikan.bp.pelikanj.viewModels.InstitutionsModelItem.image"]},{"name":"val infoLabel: String","description":"pelikan.bp.pelikanj.viewModels.ExhibitModelItem.infoLabel","location":"app/pelikan.bp.pelikanj.viewModels/-exhibit-model-item/info-label.html","searchKeys":["infoLabel","val infoLabel: String","pelikan.bp.pelikanj.viewModels.ExhibitModelItem.infoLabel"]},{"name":"val infoLabelText: String","description":"pelikan.bp.pelikanj.viewModels.ExhibitItemWithExhibitImage.infoLabelText","location":"app/pelikan.bp.pelikanj.viewModels/-exhibit-item-with-exhibit-image/info-label-text.html","searchKeys":["infoLabelText","val infoLabelText: String","pelikan.bp.pelikanj.viewModels.ExhibitItemWithExhibitImage.infoLabelText"]},{"name":"val infoLabelText: String","description":"pelikan.bp.pelikanj.viewModels.ExhibitItemWithoutExhibitImage.infoLabelText","location":"app/pelikan.bp.pelikanj.viewModels/-exhibit-item-without-exhibit-image/info-label-text.html","searchKeys":["infoLabelText","val infoLabelText: String","pelikan.bp.pelikanj.viewModels.ExhibitItemWithoutExhibitImage.infoLabelText"]},{"name":"val infoLabelText: String","description":"pelikan.bp.pelikanj.viewModels.ExhibitModelItem.infoLabelText","location":"app/pelikan.bp.pelikanj.viewModels/-exhibit-model-item/info-label-text.html","searchKeys":["infoLabelText","val infoLabelText: String","pelikan.bp.pelikanj.viewModels.ExhibitModelItem.infoLabelText"]},{"name":"val institutionId: Int","description":"pelikan.bp.pelikanj.viewModels.Building.institutionId","location":"app/pelikan.bp.pelikanj.viewModels/-building/institution-id.html","searchKeys":["institutionId","val institutionId: Int","pelikan.bp.pelikanj.viewModels.Building.institutionId"]},{"name":"val institutionId: Int","description":"pelikan.bp.pelikanj.viewModels.InstitutionsModelItem.institutionId","location":"app/pelikan.bp.pelikanj.viewModels/-institutions-model-item/institution-id.html","searchKeys":["institutionId","val institutionId: Int","pelikan.bp.pelikanj.viewModels.InstitutionsModelItem.institutionId"]},{"name":"val institutionId: Int","description":"pelikan.bp.pelikanj.viewModels.Translation.institutionId","location":"app/pelikan.bp.pelikanj.viewModels/-translation/institution-id.html","searchKeys":["institutionId","val institutionId: Int","pelikan.bp.pelikanj.viewModels.Translation.institutionId"]},{"name":"val institutionsList: ArrayList<InstitutionsModelItem>","description":"pelikan.bp.pelikanj.MainActivity.institutionsList","location":"app/pelikan.bp.pelikanj/-main-activity/institutions-list.html","searchKeys":["institutionsList","val institutionsList: ArrayList<InstitutionsModelItem>","pelikan.bp.pelikanj.MainActivity.institutionsList"]},{"name":"val isAdmin: Boolean","description":"pelikan.bp.pelikanj.viewModels.TokenData.isAdmin","location":"app/pelikan.bp.pelikanj.viewModels/-token-data/is-admin.html","searchKeys":["isAdmin","val isAdmin: Boolean","pelikan.bp.pelikanj.viewModels.TokenData.isAdmin"]},{"name":"val isInstitutionOwner: Boolean","description":"pelikan.bp.pelikanj.viewModels.TokenData.isInstitutionOwner","location":"app/pelikan.bp.pelikanj.viewModels/-token-data/is-institution-owner.html","searchKeys":["isInstitutionOwner","val isInstitutionOwner: Boolean","pelikan.bp.pelikanj.viewModels.TokenData.isInstitutionOwner"]},{"name":"val isOfficial: Boolean","description":"pelikan.bp.pelikanj.viewModels.Translation.isOfficial","location":"app/pelikan.bp.pelikanj.viewModels/-translation/is-official.html","searchKeys":["isOfficial","val isOfficial: Boolean","pelikan.bp.pelikanj.viewModels.Translation.isOfficial"]},{"name":"val isTranslator: Boolean","description":"pelikan.bp.pelikanj.viewModels.TokenData.isTranslator","location":"app/pelikan.bp.pelikanj.viewModels/-token-data/is-translator.html","searchKeys":["isTranslator","val isTranslator: Boolean","pelikan.bp.pelikanj.viewModels.TokenData.isTranslator"]},{"name":"val latitude: Double","description":"pelikan.bp.pelikanj.viewModels.InstitutionsModelItem.latitude","location":"app/pelikan.bp.pelikanj.viewModels/-institutions-model-item/latitude.html","searchKeys":["latitude","val latitude: Double","pelikan.bp.pelikanj.viewModels.InstitutionsModelItem.latitude"]},{"name":"val likesCount: Int","description":"pelikan.bp.pelikanj.viewModels.Translation.likesCount","location":"app/pelikan.bp.pelikanj.viewModels/-translation/likes-count.html","searchKeys":["likesCount","val likesCount: Int","pelikan.bp.pelikanj.viewModels.Translation.likesCount"]},{"name":"val longitude: Double","description":"pelikan.bp.pelikanj.viewModels.InstitutionsModelItem.longitude","location":"app/pelikan.bp.pelikanj.viewModels/-institutions-model-item/longitude.html","searchKeys":["longitude","val longitude: Double","pelikan.bp.pelikanj.viewModels.InstitutionsModelItem.longitude"]},{"name":"val name: String","description":"pelikan.bp.pelikanj.viewModels.Building.name","location":"app/pelikan.bp.pelikanj.viewModels/-building/name.html","searchKeys":["name","val name: String","pelikan.bp.pelikanj.viewModels.Building.name"]},{"name":"val name: String","description":"pelikan.bp.pelikanj.viewModels.ExhibitItemWithExhibitImage.name","location":"app/pelikan.bp.pelikanj.viewModels/-exhibit-item-with-exhibit-image/name.html","searchKeys":["name","val name: String","pelikan.bp.pelikanj.viewModels.ExhibitItemWithExhibitImage.name"]},{"name":"val name: String","description":"pelikan.bp.pelikanj.viewModels.ExhibitItemWithoutExhibitImage.name","location":"app/pelikan.bp.pelikanj.viewModels/-exhibit-item-without-exhibit-image/name.html","searchKeys":["name","val name: String","pelikan.bp.pelikanj.viewModels.ExhibitItemWithoutExhibitImage.name"]},{"name":"val name: String","description":"pelikan.bp.pelikanj.viewModels.ExhibitModelItem.name","location":"app/pelikan.bp.pelikanj.viewModels/-exhibit-model-item/name.html","searchKeys":["name","val name: String","pelikan.bp.pelikanj.viewModels.ExhibitModelItem.name"]},{"name":"val name: String","description":"pelikan.bp.pelikanj.viewModels.InstitutionsModelItem.name","location":"app/pelikan.bp.pelikanj.viewModels/-institutions-model-item/name.html","searchKeys":["name","val name: String","pelikan.bp.pelikanj.viewModels.InstitutionsModelItem.name"]},{"name":"val name: String","description":"pelikan.bp.pelikanj.viewModels.Room.name","location":"app/pelikan.bp.pelikanj.viewModels/-room/name.html","searchKeys":["name","val name: String","pelikan.bp.pelikanj.viewModels.Room.name"]},{"name":"val name: String","description":"pelikan.bp.pelikanj.viewModels.Showcase.name","location":"app/pelikan.bp.pelikanj.viewModels/-showcase/name.html","searchKeys":["name","val name: String","pelikan.bp.pelikanj.viewModels.Showcase.name"]},{"name":"val password: String","description":"pelikan.bp.pelikanj.viewModels.PasswordModel.password","location":"app/pelikan.bp.pelikanj.viewModels/-password-model/password.html","searchKeys":["password","val password: String","pelikan.bp.pelikanj.viewModels.PasswordModel.password"]},{"name":"val password: String","description":"pelikan.bp.pelikanj.viewModels.User.password","location":"app/pelikan.bp.pelikanj.viewModels/-user/password.html","searchKeys":["password","val password: String","pelikan.bp.pelikanj.viewModels.User.password"]},{"name":"val password: String","description":"pelikan.bp.pelikanj.viewModels.UserLogin.password","location":"app/pelikan.bp.pelikanj.viewModels/-user-login/password.html","searchKeys":["password","val password: String","pelikan.bp.pelikanj.viewModels.UserLogin.password"]},{"name":"val room: Room","description":"pelikan.bp.pelikanj.viewModels.ExhibitModelItem.room","location":"app/pelikan.bp.pelikanj.viewModels/-exhibit-model-item/room.html","searchKeys":["room","val room: Room","pelikan.bp.pelikanj.viewModels.ExhibitModelItem.room"]},{"name":"val roomId: Int","description":"pelikan.bp.pelikanj.viewModels.Room.roomId","location":"app/pelikan.bp.pelikanj.viewModels/-room/room-id.html","searchKeys":["roomId","val roomId: Int","pelikan.bp.pelikanj.viewModels.Room.roomId"]},{"name":"val roomId: Int","description":"pelikan.bp.pelikanj.viewModels.Showcase.roomId","location":"app/pelikan.bp.pelikanj.viewModels/-showcase/room-id.html","searchKeys":["roomId","val roomId: Int","pelikan.bp.pelikanj.viewModels.Showcase.roomId"]},{"name":"val roomId: String","description":"pelikan.bp.pelikanj.viewModels.ExhibitItemWithExhibitImage.roomId","location":"app/pelikan.bp.pelikanj.viewModels/-exhibit-item-with-exhibit-image/room-id.html","searchKeys":["roomId","val roomId: String","pelikan.bp.pelikanj.viewModels.ExhibitItemWithExhibitImage.roomId"]},{"name":"val roomId: String","description":"pelikan.bp.pelikanj.viewModels.ExhibitItemWithoutExhibitImage.roomId","location":"app/pelikan.bp.pelikanj.viewModels/-exhibit-item-without-exhibit-image/room-id.html","searchKeys":["roomId","val roomId: String","pelikan.bp.pelikanj.viewModels.ExhibitItemWithoutExhibitImage.roomId"]},{"name":"val showcase: Showcase","description":"pelikan.bp.pelikanj.viewModels.ExhibitModelItem.showcase","location":"app/pelikan.bp.pelikanj.viewModels/-exhibit-model-item/showcase.html","searchKeys":["showcase","val showcase: Showcase","pelikan.bp.pelikanj.viewModels.ExhibitModelItem.showcase"]},{"name":"val showcaseId: Int","description":"pelikan.bp.pelikanj.viewModels.Showcase.showcaseId","location":"app/pelikan.bp.pelikanj.viewModels/-showcase/showcase-id.html","searchKeys":["showcaseId","val showcaseId: Int","pelikan.bp.pelikanj.viewModels.Showcase.showcaseId"]},{"name":"val showcaseId: String?","description":"pelikan.bp.pelikanj.viewModels.ExhibitItemWithExhibitImage.showcaseId","location":"app/pelikan.bp.pelikanj.viewModels/-exhibit-item-with-exhibit-image/showcase-id.html","searchKeys":["showcaseId","val showcaseId: String?","pelikan.bp.pelikanj.viewModels.ExhibitItemWithExhibitImage.showcaseId"]},{"name":"val showcaseId: String?","description":"pelikan.bp.pelikanj.viewModels.ExhibitItemWithoutExhibitImage.showcaseId","location":"app/pelikan.bp.pelikanj.viewModels/-exhibit-item-without-exhibit-image/showcase-id.html","searchKeys":["showcaseId","val showcaseId: String?","pelikan.bp.pelikanj.viewModels.ExhibitItemWithoutExhibitImage.showcaseId"]},{"name":"val token: String","description":"pelikan.bp.pelikanj.viewModels.TokenModel.token","location":"app/pelikan.bp.pelikanj.viewModels/-token-model/token.html","searchKeys":["token","val token: String","pelikan.bp.pelikanj.viewModels.TokenModel.token"]},{"name":"val translatedText: String","description":"pelikan.bp.pelikanj.viewModels.Translation.translatedText","location":"app/pelikan.bp.pelikanj.viewModels/-translation/translated-text.html","searchKeys":["translatedText","val translatedText: String","pelikan.bp.pelikanj.viewModels.Translation.translatedText"]},{"name":"val translationId: Int","description":"pelikan.bp.pelikanj.viewModels.Translation.translationId","location":"app/pelikan.bp.pelikanj.viewModels/-translation/translation-id.html","searchKeys":["translationId","val translationId: Int","pelikan.bp.pelikanj.viewModels.Translation.translationId"]},{"name":"val username: String","description":"pelikan.bp.pelikanj.viewModels.TokenData.username","location":"app/pelikan.bp.pelikanj.viewModels/-token-data/username.html","searchKeys":["username","val username: String","pelikan.bp.pelikanj.viewModels.TokenData.username"]},{"name":"val username: String","description":"pelikan.bp.pelikanj.viewModels.User.username","location":"app/pelikan.bp.pelikanj.viewModels/-user/username.html","searchKeys":["username","val username: String","pelikan.bp.pelikanj.viewModels.User.username"]},{"name":"val username: String","description":"pelikan.bp.pelikanj.viewModels.UserLogin.username","location":"app/pelikan.bp.pelikanj.viewModels/-user-login/username.html","searchKeys":["username","val username: String","pelikan.bp.pelikanj.viewModels.UserLogin.username"]},{"name":"var cardView: CardView","description":"pelikan.bp.pelikanj.ui.more.languageSetting.CustomViewHolder.cardView","location":"app/pelikan.bp.pelikanj.ui.more.languageSetting/-custom-view-holder/card-view.html","searchKeys":["cardView","var cardView: CardView","pelikan.bp.pelikanj.ui.more.languageSetting.CustomViewHolder.cardView"]},{"name":"var height: Int = 0","description":"pelikan.bp.pelikanj.ui.institutions.InstitutionsFragment.height","location":"app/pelikan.bp.pelikanj.ui.institutions/-institutions-fragment/height.html","searchKeys":["height","var height: Int = 0","pelikan.bp.pelikanj.ui.institutions.InstitutionsFragment.height"]},{"name":"var heightScroll: Int = 0","description":"pelikan.bp.pelikanj.ui.findExhibit.PickExhibitFragment.heightScroll","location":"app/pelikan.bp.pelikanj.ui.findExhibit/-pick-exhibit-fragment/height-scroll.html","searchKeys":["heightScroll","var heightScroll: Int = 0","pelikan.bp.pelikanj.ui.findExhibit.PickExhibitFragment.heightScroll"]},{"name":"var language: String","description":"pelikan.bp.pelikanj.viewModels.MyLanguages.language","location":"app/pelikan.bp.pelikanj.viewModels/-my-languages/language.html","searchKeys":["language","var language: String","pelikan.bp.pelikanj.viewModels.MyLanguages.language"]},{"name":"var language: String?","description":"pelikan.bp.pelikanj.viewModels.DatabaseModel.language","location":"app/pelikan.bp.pelikanj.viewModels/-database-model/language.html","searchKeys":["language","var language: String?","pelikan.bp.pelikanj.viewModels.DatabaseModel.language"]},{"name":"var languageShort: String","description":"pelikan.bp.pelikanj.viewModels.MyLanguages.languageShort","location":"app/pelikan.bp.pelikanj.viewModels/-my-languages/language-short.html","searchKeys":["languageShort","var languageShort: String","pelikan.bp.pelikanj.viewModels.MyLanguages.languageShort"]},{"name":"var navControler: NavController? = null","description":"pelikan.bp.pelikanj.ui.profile.ProfileFragment.navControler","location":"app/pelikan.bp.pelikanj.ui.profile/-profile-fragment/nav-controler.html","searchKeys":["navControler","var navControler: NavController? = null","pelikan.bp.pelikanj.ui.profile.ProfileFragment.navControler"]},{"name":"var profilePicture: String?","description":"pelikan.bp.pelikanj.viewModels.DatabaseModel.profilePicture","location":"app/pelikan.bp.pelikanj.viewModels/-database-model/profile-picture.html","searchKeys":["profilePicture","var profilePicture: String?","pelikan.bp.pelikanj.viewModels.DatabaseModel.profilePicture"]},{"name":"var textLanguage: TextView","description":"pelikan.bp.pelikanj.ui.more.languageSetting.CustomViewHolder.textLanguage","location":"app/pelikan.bp.pelikanj.ui.more.languageSetting/-custom-view-holder/text-language.html","searchKeys":["textLanguage","var textLanguage: TextView","pelikan.bp.pelikanj.ui.more.languageSetting.CustomViewHolder.textLanguage"]},{"name":"var textShort: TextView","description":"pelikan.bp.pelikanj.ui.more.languageSetting.CustomViewHolder.textShort","location":"app/pelikan.bp.pelikanj.ui.more.languageSetting/-custom-view-holder/text-short.html","searchKeys":["textShort","var textShort: TextView","pelikan.bp.pelikanj.ui.more.languageSetting.CustomViewHolder.textShort"]},{"name":"var token: String?","description":"pelikan.bp.pelikanj.viewModels.DatabaseModel.token","location":"app/pelikan.bp.pelikanj.viewModels/-database-model/token.html","searchKeys":["token","var token: String?","pelikan.bp.pelikanj.viewModels.DatabaseModel.token"]}]
